ticker,end,value,concept
MSFT,2007-09-30,,revenue_yoy_growth
MSFT,2007-12-31,,revenue_yoy_growth
MSFT,2008-03-31,,revenue_yoy_growth
MSFT,2008-06-30,,revenue_yoy_growth
MSFT,2008-09-30,,revenue_yoy_growth
MSFT,2008-12-31,,revenue_yoy_growth
MSFT,2009-03-31,,revenue_yoy_growth
MSFT,2009-06-30,-0.03282025819265144,revenue_yoy_growth
MSFT,2009-09-30,-0.08786597320112122,revenue_yoy_growth
MSFT,2009-12-31,-0.05311305077362416,revenue_yoy_growth
MSFT,2010-03-31,-0.026661217817736005,revenue_yoy_growth
MSFT,2010-06-30,0.06925406848400839,revenue_yoy_growth
MSFT,2010-09-30,0.16809364786130443,revenue_yoy_growth
MSFT,2010-12-31,0.13632878392884518,revenue_yoy_growth
MSFT,2011-03-31,0.15234112589009818,revenue_yoy_growth
MSFT,2011-06-30,0.11937455988733126,revenue_yoy_growth
MSFT,2011-09-30,0.08152496236256623,revenue_yoy_growth
MSFT,2011-12-31,0.08040185934922772,revenue_yoy_growth
MSFT,2012-03-31,0.06435910515193477,revenue_yoy_growth
MSFT,2012-06-30,0.054044007263057026,revenue_yoy_growth
MSFT,2012-09-30,0.017421259842519632,revenue_yoy_growth
MSFT,2012-12-31,0.012185643701770887,revenue_yoy_growth
MSFT,2013-03-31,0.04081828264709508,revenue_yoy_growth
MSFT,2013-06-30,0.05596625205159844,revenue_yoy_growth
MSFT,2013-09-30,0.11071186721762327,revenue_yoy_growth
MSFT,2013-12-31,0.14401480872069117,revenue_yoy_growth
MSFT,2014-03-31,0.09649792138083457,revenue_yoy_growth
MSFT,2014-06-30,0.11540289534868786,revenue_yoy_growth
MSFT,2014-09-30,0.1385467214134628,revenue_yoy_growth
MSFT,2014-12-31,0.1201323217431951,revenue_yoy_growth
MSFT,2015-03-31,0.137197499610064,revenue_yoy_growth
MSFT,2015-06-30,0.07770087409164717,revenue_yoy_growth
MSFT,2015-09-30,-0.008163488333970847,revenue_yoy_growth
MSFT,2015-12-31,-0.057481595617188797,revenue_yoy_growth
MSFT,2016-03-31,-0.08330695701715518,revenue_yoy_growth
MSFT,2016-06-30,-0.08826672365890142,revenue_yoy_growth
MSFT,2016-09-30,-0.04285021706075498,revenue_yoy_growth
MSFT,2016-12-31,0.009252531674310838,revenue_yoy_growth
MSFT,2017-03-31,0.05402481412425475,revenue_yoy_growth
MSFT,2017-06-30,0.1318682606657291,revenue_yoy_growth
MSFT,2017-09-30,0.14173065190113854,revenue_yoy_growth
MSFT,2017-12-31,0.15044038740593257,revenue_yoy_growth
MSFT,2018-03-31,0.15614763048700597,revenue_yoy_growth
MSFT,2018-06-30,0.1427861366248666,revenue_yoy_growth
MSFT,2018-09-30,0.15854851231586697,revenue_yoy_growth
MSFT,2018-12-31,0.1582626890772736,revenue_yoy_growth
MSFT,2019-03-31,0.15424064979221752,revenue_yoy_growth
MSFT,2019-06-30,0.14029539688292858,revenue_yoy_growth
MSFT,2019-09-30,0.12974083163629402,revenue_yoy_growth
MSFT,2019-12-31,0.13329506411501035,revenue_yoy_growth
MSFT,2020-03-31,0.13491420575889235,revenue_yoy_growth
MSFT,2020-06-30,0.1364557424727637,revenue_yoy_growth
MSFT,2020-09-30,0.13326759825596612,revenue_yoy_growth
MSFT,2020-12-31,0.1417887656518857,revenue_yoy_growth
MSFT,2021-03-31,0.15335366513096704,revenue_yoy_growth
MSFT,2021-06-30,0.17531727441177503,revenue_yoy_growth
MSFT,2021-09-30,0.1980572889052028,revenue_yoy_growth
MSFT,2021-12-31,0.20627723702408596,revenue_yoy_growth
MSFT,2022-03-31,0.20371446967850027,revenue_yoy_growth
MSFT,2022-06-30,0.17956070629670173,revenue_yoy_growth
MSFT,2022-09-30,0.15219204430045785,revenue_yoy_growth
MSFT,2022-12-31,0.10378955452318239,revenue_yoy_growth
MSFT,2023-03-31,0.07807558281443927,revenue_yoy_growth
MSFT,2023-06-30,0.06882029555656421,revenue_yoy_growth
MSFT,2023-09-30,0.07502154376461889,revenue_yoy_growth
MSFT,2023-12-31,0.11508912559898876,revenue_yoy_growth
MSFT,2024-03-31,0.13966405094633205,revenue_yoy_growth
MSFT,2024-06-30,0.1566996201307127,revenue_yoy_growth
MSFT,2024-09-30,0.16435344235261784,revenue_yoy_growth
MSFT,2024-12-31,0.15035833080678263,revenue_yoy_growth
MSFT,2025-03-31,0.14128597031075651,revenue_yoy_growth
MSFT,2025-06-30,0.14932156232406713,revenue_yoy_growth
MSFT,2025-09-30,0.15587552618120304,revenue_yoy_growth
MSFT,2025-12-31,0.16673287446237994,revenue_yoy_growth
MSFT,2026-03-31,0.17874523165808665,revenue_yoy_growth
MSFT,2007-09-30,,income_yoy_growth
MSFT,2007-12-31,,income_yoy_growth
MSFT,2008-03-31,,income_yoy_growth
MSFT,2008-06-30,,income_yoy_growth
MSFT,2008-09-30,,income_yoy_growth
MSFT,2008-12-31,,income_yoy_growth
MSFT,2009-03-31,,income_yoy_growth
MSFT,2009-06-30,-0.17600814433572765,income_yoy_growth
MSFT,2009-09-30,-0.22488038277511957,income_yoy_growth
MSFT,2009-12-31,-0.05652274837511606,income_yoy_growth
MSFT,2010-03-31,0.09266165223437195,income_yoy_growth
MSFT,2010-06-30,0.28766559132404423,income_yoy_growth
MSFT,2010-09-30,0.4957153231663036,income_yoy_growth
MSFT,2010-12-31,0.26510025833435846,income_yoy_growth
MSFT,2011-03-31,0.2607161450801181,income_yoy_growth
MSFT,2011-06-30,0.23400852878464828,income_yoy_growth
MSFT,2011-09-30,0.1399300835113615,income_yoy_growth
MSFT,2011-12-31,0.14099572150914041,income_yoy_growth
MSFT,2012-03-31,0.07112049187849867,income_yoy_growth
MSFT,2012-06-30,-0.266609071274298,income_yoy_growth
MSFT,2012-09-30,-0.33103330777749385,income_yoy_growth
MSFT,2012-12-31,-0.3412732231123231,income_yoy_growth
MSFT,2013-03-31,-0.29720699108978754,income_yoy_growth
MSFT,2013-06-30,0.2877252915537756,income_yoy_growth
MSFT,2013-09-30,0.4415509996179805,income_yoy_growth
MSFT,2013-12-31,0.4762921275632317,income_yoy_growth
MSFT,2014-03-31,0.3669998780933805,income_yoy_growth
MSFT,2014-06-30,0.009651008553263507,income_yoy_growth
MSFT,2014-09-30,-0.056137096418002685,income_yoy_growth
MSFT,2014-12-31,-0.09407589168346331,income_yoy_growth
MSFT,2015-03-31,-0.10821777321977977,income_yoy_growth
MSFT,2015-06-30,-0.4476306967473045,income_yoy_growth
MSFT,2015-09-30,-0.41249415067852124,income_yoy_growth
MSFT,2015-12-31,-0.43361547762998787,income_yoy_growth
MSFT,2016-03-31,-0.47595,income_yoy_growth
MSFT,2016-06-30,0.3776757155745101,income_yoy_growth
MSFT,2016-09-30,0.3988849064117881,income_yoy_growth
MSFT,2016-12-31,0.6064901793339026,income_yoy_growth
MSFT,2017-03-31,0.9599274878351303,income_yoy_growth
MSFT,2017-06-30,0.5173830217883082,income_yoy_growth
MSFT,2017-09-30,0.5030461766213061,income_yoy_growth
MSFT,2017-12-31,-0.26488411652136934,income_yoy_growth
MSFT,2018-03-31,-0.2324505890370947,income_yoy_growth
MSFT,2018-06-30,-0.34987641727804153,income_yoy_growth
MSFT,2018-09-30,-0.28710508371846355,income_yoy_growth
MSFT,2018-12-31,1.4254103695133415,income_yoy_growth
MSFT,2019-03-31,1.2151328724551278,income_yoy_growth
MSFT,2019-06-30,1.3679922756623015,income_yoy_growth
MSFT,2019-09-30,1.1836441893830703,income_yoy_growth
MSFT,2019-12-31,0.32145732089085,income_yoy_growth
MSFT,2020-03-31,0.32468647998625655,income_yoy_growth
MSFT,2020-06-30,0.12846585117227316,income_yoy_growth
MSFT,2020-09-30,0.15578916630164996,income_yoy_growth
MSFT,2020-12-31,0.1576382465085846,income_yoy_growth
MSFT,2021-03-31,0.21071629274197035,income_yoy_growth
MSFT,2021-06-30,0.38368600528443353,income_yoy_growth
MSFT,2021-09-30,0.4292361462017855,income_yoy_growth
MSFT,2021-12-31,0.3873513934905477,income_yoy_growth
MSFT,2022-03-31,0.2935106667856824,income_yoy_growth
MSFT,2022-06-30,0.1871521600757291,income_yoy_growth
MSFT,2022-09-30,0.028077721962789015,income_yoy_growth
MSFT,2022-12-31,-0.05248296691718757,income_yoy_growth
MSFT,2023-03-31,-0.0474218836259247,income_yoy_growth
MSFT,2023-06-30,-0.005182985509637361,income_yoy_growth
MSFT,2023-09-30,0.10470131396065274,income_yoy_growth
MSFT,2023-12-31,0.2237542439472786,income_yoy_growth
MSFT,2024-03-31,0.24863807592002307,income_yoy_growth
MSFT,2024-06-30,0.21800417351888446,income_yoy_growth
MSFT,2024-09-30,0.17401681021064652,income_yoy_growth
MSFT,2024-12-31,0.12368398735174035,income_yoy_growth
MSFT,2025-03-31,0.12130283937294761,income_yoy_growth
MSFT,2025-06-30,0.15539620586366532,income_yoy_growth
MSFT,2025-09-30,0.1590949266395616,income_yoy_growth
MSFT,2025-12-31,0.285843665768194,income_yoy_growth
MSFT,2026-03-31,0.29576240492575145,income_yoy_growth
MSFT,2008-09-30,,operating_margin
MSFT,2008-12-31,,operating_margin
MSFT,2009-03-31,,operating_margin
MSFT,2009-06-30,0.348460735492924,operating_margin
MSFT,2009-09-30,0.3347662356117664,operating_margin
MSFT,2009-12-31,0.36497469713234165,operating_margin
MSFT,2010-03-31,0.3720777912132205,operating_margin
MSFT,2010-06-30,0.38566673068305485,operating_margin
MSFT,2010-09-30,0.406514697607932,operating_margin
MSFT,2010-12-31,0.39562153246363774,operating_margin
MSFT,2011-03-31,0.39233403774684833,operating_margin
MSFT,2011-06-30,0.38833049769097694,operating_margin
MSFT,2011-09-30,0.38312710911136105,operating_margin
MSFT,2011-12-31,0.37579803475267864,operating_margin
MSFT,2012-03-31,0.3798660842655858,operating_margin
MSFT,2012-06-30,0.2951995984970769,operating_margin
MSFT,2012-09-30,0.2745753810859741,operating_margin
MSFT,2012-12-31,0.26936788701494585,operating_margin
MSFT,2013-03-31,0.27473293690469924,operating_margin
MSFT,2013-06-30,0.3437937545761667,operating_margin
MSFT,2013-09-30,0.34577578698519346,operating_margin
MSFT,2013-12-31,0.33545479606390755,operating_margin
MSFT,2014-03-31,0.32814618402581974,operating_margin
MSFT,2014-06-30,0.3196826091462923,operating_margin
MSFT,2014-09-30,0.2980055734659308,operating_margin
MSFT,2014-12-31,0.28971922615990414,operating_margin
MSFT,2015-03-31,0.2816568546770484,operating_margin
MSFT,2015-06-30,0.19406924556529173,operating_margin
MSFT,2015-09-30,0.19954163820269288,operating_margin
MSFT,2015-12-31,0.18573180146224058,operating_margin
MSFT,2016-03-31,0.1732039684183873,operating_margin
MSFT,2016-06-30,0.236544772620722,operating_margin
MSFT,2016-09-30,0.24294051963301064,operating_margin
MSFT,2016-12-31,0.25852934228731483,operating_margin
MSFT,2017-03-31,0.2666848656911989,operating_margin
MSFT,2017-06-30,0.3005560675565128,operating_margin
MSFT,2017-09-30,0.30265877537028263,operating_margin
MSFT,2017-12-31,0.3010765304625854,operating_margin
MSFT,2018-03-31,0.30563845863241407,operating_margin
MSFT,2018-06-30,0.3176694454512505,operating_margin
MSFT,2018-09-30,0.32465667589159836,operating_margin
MSFT,2018-12-31,0.32824859233996573,operating_margin
MSFT,2019-03-31,0.33493711695346573,operating_margin
MSFT,2019-06-30,0.3413698020549415,operating_margin
MSFT,2019-09-30,0.3519651193245721,operating_margin
MSFT,2019-12-31,0.36739938472539835,operating_margin
MSFT,2020-03-31,0.3746025566154046,operating_margin
MSFT,2020-06-30,0.37030381428521486,operating_margin
MSFT,2020-09-30,0.38166999741696916,operating_margin
MSFT,2020-12-31,0.39244148117220323,operating_margin
MSFT,2021-03-31,0.40150279116578835,operating_margin
MSFT,2021-06-30,0.415948788729713,operating_margin
MSFT,2021-09-30,0.42143306988329143,operating_margin
MSFT,2021-12-31,0.4252391794616637,operating_margin
MSFT,2022-03-31,0.4255571077654928,operating_margin
MSFT,2022-06-30,0.4205527815604983,operating_margin
MSFT,2022-09-30,0.4169050843284501,operating_margin
MSFT,2022-12-31,0.4057689104040295,operating_margin
MSFT,2023-03-31,0.4085100028421271,operating_margin
MSFT,2023-06-30,0.417728806361041,operating_margin
MSFT,2023-09-30,0.4301223031469012,operating_margin
MSFT,2023-12-31,0.4417421336391558,operating_margin
MSFT,2024-03-31,0.44703783856896495,operating_margin
MSFT,2024-06-30,0.44644299573273716,operating_margin
MSFT,2024-09-30,0.44490341870254535,operating_margin
MSFT,2024-12-31,0.4496184139158601,operating_margin
MSFT,2025-03-31,0.4523165808673753,operating_margin
MSFT,2025-06-30,0.4562195624085985,operating_margin
MSFT,2025-09-30,0.46266660313397684,operating_margin
MSFT,2025-12-31,0.4667133732521861,operating_margin
MSFT,2026-03-31,0.4680164512855316,operating_margin
MSFT,2008-06-30,0.4872678167888442,roe
MSFT,2008-09-30,0.528814669286182,roe
MSFT,2008-12-31,0.4997969719821335,roe
MSFT,2009-03-31,0.42825433776358174,roe
MSFT,2009-06-30,0.3682946559482279,roe
MSFT,2009-09-30,0.3341259827234786,roe
MSFT,2009-12-31,0.3671386310773886,roe
MSFT,2010-03-31,0.37818858017939183,roe
MSFT,2010-06-30,0.4062804547915539,roe
MSFT,2010-09-30,0.4387542073196711,roe
MSFT,2010-12-31,0.4242486747385574,roe
MSFT,2011-03-31,0.40773030008231687,roe
MSFT,2011-06-30,0.4055498134295675,roe
MSFT,2011-09-30,0.3953124210739001,roe
MSFT,2011-12-31,0.36599553968278725,roe
MSFT,2012-03-31,0.3399991261160227,roe
MSFT,2012-06-30,0.2558353299278212,roe
MSFT,2012-09-30,0.22816549479923295,roe
MSFT,2012-12-31,0.21300429894179895,roe
MSFT,2013-03-31,0.21393177550594616,roe
MSFT,2013-06-30,0.2769431495743818,roe
MSFT,2013-09-30,0.27732389363187615,roe
MSFT,2013-12-31,0.2681786133960047,roe
MSFT,2014-03-31,0.2565313872620791,roe
MSFT,2014-06-30,0.24585672280139,roe
MSFT,2014-09-30,0.23699678385272263,roe
MSFT,2014-12-31,0.22502421663274524,roe
MSFT,2015-03-31,0.22189677362091156,roe
MSFT,2015-06-30,0.15225453591898405,roe
MSFT,2015-09-30,0.1621150493898896,roe
MSFT,2015-12-31,0.15251367543631153,roe
MSFT,2016-03-31,0.1401090821591851,roe
MSFT,2016-06-30,0.2021663256709592,roe
MSFT,2016-09-30,0.21298294972229634,roe
MSFT,2016-12-31,0.22989404734262914,roe
MSFT,2017-03-31,0.24603849516714377,roe
MSFT,2017-06-30,0.2906020909578046,roe
MSFT,2017-09-30,0.2944660724842995,roe
MSFT,2017-12-31,0.17648034711587546,roe
MSFT,2018-03-31,0.1989803001047464,roe
MSFT,2018-06-30,0.20033124591987234,roe
MSFT,2018-09-30,0.21890958158363094,roe
MSFT,2018-12-31,0.36406955540118097,roe
MSFT,2019-03-31,0.36816916849384385,roe
MSFT,2019-06-30,0.3834652594547054,roe
MSFT,2019-09-30,0.38745627516240655,roe
MSFT,2019-12-31,0.40253748558246827,roe
MSFT,2020-03-31,0.4040663400319648,roe
MSFT,2020-06-30,0.37429841763592103,roe
MSFT,2020-09-30,0.38491960580912865,roe
MSFT,2020-12-31,0.39397708774839524,roe
MSFT,2021-03-31,0.4164529199658005,roe
MSFT,2021-06-30,0.4315223821731414,roe
MSFT,2021-09-30,0.44666333285080734,roe
MSFT,2021-12-31,0.44487844509718144,roe
MSFT,2022-03-31,0.444722692789276,roe
MSFT,2022-06-30,0.4367546925099975,roe
MSFT,2022-09-30,0.4020891188366385,roe
MSFT,2022-12-31,0.36830006115673597,roe
MSFT,2023-03-31,0.3545250484120339,roe
MSFT,2023-06-30,0.35088714643856406,roe
MSFT,2023-09-30,0.3493027175439709,roe
MSFT,2023-12-31,0.3464208370406433,roe
MSFT,2024-03-31,0.34043183541903677,roe
MSFT,2024-06-30,0.32828137978299815,roe
MSFT,2024-09-30,0.31458034289924686,roe
MSFT,2024-12-31,0.3064140471431639,roe
MSFT,2025-03-31,0.3002103196423634,roe
MSFT,2025-06-30,0.2964722734140952,roe
MSFT,2025-09-30,0.2889532769998568,roe
MSFT,2025-12-31,0.3051154461144867,roe
MSFT,2026-03-31,0.30218622621975205,roe
MSFT,2009-06-30,0.09469639516659083,debt_to_equity
MSFT,2009-09-30,0.0908958555760458,debt_to_equity
MSFT,2009-12-31,0.08459228146241221,debt_to_equity
MSFT,2010-03-31,0.08195143294683876,debt_to_equity
MSFT,2010-06-30,0.1061180292365999,debt_to_equity
MSFT,2010-09-30,0.20663797878232712,debt_to_equity
MSFT,2010-12-31,0.20007838122150945,debt_to_equity
MSFT,2011-03-31,0.22262964903090623,debt_to_equity
MSFT,2011-06-30,0.2084683706182226,debt_to_equity
MSFT,2011-09-30,0.20036705898200063,debt_to_equity
MSFT,2011-12-31,0.18558662528656758,debt_to_equity
MSFT,2012-03-31,0.17387378202420659,debt_to_equity
MSFT,2012-06-30,0.1793167879691997,debt_to_equity
MSFT,2012-09-30,0.17432738683247137,debt_to_equity
MSFT,2012-12-31,0.19565696649029982,debt_to_equity
MSFT,2013-03-31,0.18516586688921344,debt_to_equity
MSFT,2013-06-30,0.19760843129306851,debt_to_equity
MSFT,2013-09-30,0.17883171445719676,debt_to_equity
MSFT,2013-12-31,0.26674500587544064,debt_to_equity
MSFT,2014-03-31,0.25965409956076135,debt_to_equity
MSFT,2014-06-30,0.22943954379399448,debt_to_equity
MSFT,2014-09-30,0.22402129311300875,debt_to_equity
MSFT,2014-12-31,0.21767759771003167,debt_to_equity
MSFT,2015-03-31,0.33395464429947186,debt_to_equity
MSFT,2015-06-30,0.3783574541413284,debt_to_equity
MSFT,2015-09-30,0.3692943379172316,debt_to_equity
MSFT,2015-12-31,0.5392029174264131,debt_to_equity
MSFT,2016-03-31,0.5467475870919445,debt_to_equity
MSFT,2016-06-30,0.4886267902274642,debt_to_equity
MSFT,2016-09-30,0.7300332274259659,debt_to_equity
MSFT,2016-12-31,0.732014322550685,debt_to_equity
MSFT,2017-03-31,0.9198596255883867,debt_to_equity
MSFT,2017-06-30,0.8790231555905189,debt_to_equity
MSFT,2017-09-30,0.8622709070019074,debt_to_equity
MSFT,2017-12-31,0.9800918836140888,debt_to_equity
MSFT,2018-03-31,0.9704817072401216,debt_to_equity
MSFT,2018-06-30,0.9212021567252593,debt_to_equity
MSFT,2018-09-30,0.8863866367326998,debt_to_equity
MSFT,2018-12-31,0.7945467176102814,debt_to_equity
MSFT,2019-03-31,0.770576825771631,debt_to_equity
MSFT,2019-06-30,0.705345450991889,debt_to_equity
MSFT,2019-09-30,0.6552361376943457,debt_to_equity
MSFT,2019-12-31,0.6321735734590269,debt_to_equity
MSFT,2020-03-31,0.5817416441777801,debt_to_equity
MSFT,2020-06-30,0.5352904381931296,debt_to_equity
MSFT,2020-09-30,0.5150414937759336,debt_to_equity
MSFT,2020-12-31,0.46471789674130043,debt_to_equity
MSFT,2021-03-31,0.43164194639604475,debt_to_equity
MSFT,2021-06-30,0.4095134800123954,debt_to_equity
MSFT,2021-09-30,0.35062969640342684,debt_to_equity
MSFT,2021-12-31,0.3328416973939129,debt_to_equity
MSFT,2022-03-31,0.3064373572954261,debt_to_equity
MSFT,2022-06-30,0.2989095843691081,debt_to_equity
MSFT,2022-09-30,0.2801355104110252,debt_to_equity
MSFT,2022-12-31,0.26273370609820024,debt_to_equity
MSFT,2023-03-31,0.24763333213480376,debt_to_equity
MSFT,2023-06-30,0.2290578645446919,debt_to_equity
MSFT,2023-09-30,0.20702809971275044,debt_to_equity
MSFT,2023-12-31,0.19800392834958955,debt_to_equity
MSFT,2024-03-31,0.17739144861585135,debt_to_equity
MSFT,2024-06-30,0.16737746622615718,debt_to_equity
MSFT,2024-09-30,0.15680706790906532,debt_to_equity
MSFT,2024-12-31,0.14856538760138094,debt_to_equity
MSFT,2025-03-31,0.133215902277479,debt_to_equity
MSFT,2025-06-30,0.12562922332951942,debt_to_equity
MSFT,2025-09-30,0.11900538730183212,debt_to_equity
MSFT,2025-12-31,0.10300479692996482,debt_to_equity
MSFT,2026-03-31,0.09716507347351502,debt_to_equity
MSFT,2008-09-30,,payout_ratio
MSFT,2008-12-31,,payout_ratio
MSFT,2009-03-31,,payout_ratio
MSFT,2009-06-30,0.3210872400302011,payout_ratio
MSFT,2009-09-30,0.3392273057371097,payout_ratio
MSFT,2009-12-31,0.2862910567105425,payout_ratio
MSFT,2010-03-31,0.26699369468386647,payout_ratio
MSFT,2010-06-30,0.24744349680170577,payout_ratio
MSFT,2010-09-30,0.23219314429986407,payout_ratio
MSFT,2010-12-31,0.2416666666666667,payout_ratio
MSFT,2011-03-31,0.23818940992933835,payout_ratio
MSFT,2011-06-30,0.23756025917926568,payout_ratio
MSFT,2011-09-30,0.24589828775875283,payout_ratio
MSFT,2011-12-31,0.25970683483892965,payout_ratio
MSFT,2012-03-31,0.2766655243317341,payout_ratio
MSFT,2012-06-30,0.40080103663564615,payout_ratio
MSFT,2012-09-30,0.4488743155481982,payout_ratio
MSFT,2012-12-31,0.46974836664726055,payout_ratio
MSFT,2013-03-31,0.4572601487260759,payout_ratio
MSFT,2013-06-30,0.3564195215661163,payout_ratio
MSFT,2013-09-30,0.36133474669846743,payout_ratio
MSFT,2013-12-31,0.37520375076680396,payout_ratio
MSFT,2014-03-31,0.3991924911936505,payout_ratio
MSFT,2014-06-30,0.42615203406722846,payout_ratio
MSFT,2014-09-30,0.4493986897519888,payout_ratio
MSFT,2014-12-31,0.47354099153567114,payout_ratio
MSFT,2015-03-31,0.4983385,payout_ratio
MSFT,2015-06-30,0.8394127778233412,payout_ratio
MSFT,2015-09-30,0.8306140979689367,payout_ratio
MSFT,2015-12-31,0.9212929120409905,payout_ratio
MSFT,2016-03-31,1.0589781509397957,payout_ratio
MSFT,2016-06-30,0.6869103464698177,payout_ratio
MSFT,2016-09-30,0.659210840972499,payout_ratio
MSFT,2016-12-31,0.624335530512439,payout_ratio
MSFT,2017-03-31,0.5819243501119657,payout_ratio
MSFT,2017-06-30,0.4793408921495547,payout_ratio
MSFT,2017-09-30,0.4697480869762861,payout_ratio
MSFT,2017-12-31,0.9031889507556584,payout_ratio
MSFT,2018-03-31,0.8156339189446311,payout_ratio
MSFT,2018-06-30,0.7901707802788003,payout_ratio
MSFT,2018-09-30,0.7097890429884691,payout_ratio
MSFT,2018-12-31,0.40761098357234427,payout_ratio
MSFT,2019-03-31,0.39910668270056693,payout_ratio
MSFT,2019-06-30,0.36354536187563713,payout_ratio
MSFT,2019-09-30,0.354599211563732,payout_ratio
MSFT,2019-12-31,0.3366319969316156,payout_ratio
MSFT,2020-03-31,0.3301182293692993,payout_ratio
MSFT,2020-06-30,0.35395135611210227,payout_ratio
MSFT,2020-09-30,0.33605629947785076,payout_ratio
MSFT,2020-12-31,0.31764256480218284,payout_ratio
MSFT,2021-03-31,0.2970174060519504,payout_ratio
MSFT,2021-06-30,0.27814006626299553,payout_ratio
MSFT,2021-09-30,0.2563837779709206,payout_ratio
MSFT,2021-12-31,0.2504713071574068,payout_ratio
MSFT,2022-03-31,0.2516324389974605,payout_ratio
MSFT,2022-06-30,0.2570760812780115,payout_ratio
MSFT,2022-09-30,0.2724197223058075,payout_ratio
MSFT,2022-12-31,0.2880665391629231,payout_ratio
MSFT,2023-03-31,0.287659229208925,payout_ratio
MSFT,2023-06-30,0.28086731803043075,payout_ratio
MSFT,2023-09-30,0.2700396907751375,payout_ratio
MSFT,2023-12-31,0.2587620697592712,payout_ratio
MSFT,2024-03-31,0.2540346480082617,payout_ratio
MSFT,2024-06-30,0.2542320958518653,payout_ratio
MSFT,2024-09-30,0.25419391903835953,payout_ratio
MSFT,2024-12-31,0.2544353638814016,payout_ratio
MSFT,2025-03-31,0.2501540849588658,payout_ratio
MSFT,2025-06-30,0.24337929138188386,payout_ratio
MSFT,2025-09-30,0.24195897514107065,payout_ratio
MSFT,2025-12-31,0.2176787241535443,payout_ratio
MSFT,2026-03-31,0.21166783797597752,payout_ratio
MSFT,2008-09-30,,fcf_margin
MSFT,2008-12-31,,fcf_margin
MSFT,2009-03-31,,fcf_margin
MSFT,2009-06-30,0.2723959135479234,fcf_margin
MSFT,2009-09-30,0.3374662498223675,fcf_margin
MSFT,2009-12-31,0.31779379440781064,fcf_margin
MSFT,2010-03-31,0.3396479914013167,fcf_margin
MSFT,2010-06-30,0.3536265283912682,fcf_margin
MSFT,2010-09-30,0.36579023403640565,fcf_margin
MSFT,2010-12-31,0.347218473534263,fcf_margin
MSFT,2011-03-31,0.3524739488450047,fcf_margin
MSFT,2011-06-30,0.352272564802768,fcf_margin
MSFT,2011-09-30,0.35244656917885264,fcf_margin
MSFT,2011-12-31,0.3710514628323988,fcf_margin
MSFT,2012-03-31,0.3774561487587463,fcf_margin
MSFT,2012-06-30,0.3977184867680371,fcf_margin
MSFT,2012-09-30,0.40278334415898503,fcf_margin
MSFT,2012-12-31,0.37887014945838476,fcf_margin
MSFT,2013-03-31,0.36207440930379414,fcf_margin
MSFT,2013-06-30,0.3156880627882182,fcf_margin
MSFT,2013-09-30,0.29450043548587784,fcf_margin
MSFT,2013-12-31,0.26967746575096185,fcf_margin
MSFT,2014-03-31,0.2720073907879108,fcf_margin
MSFT,2014-06-30,0.3111374707772391,fcf_margin
MSFT,2014-09-30,0.2963226053221135,fcf_margin
MSFT,2014-12-31,0.29194487245334705,fcf_margin
MSFT,2015-03-31,0.28050684729167985,fcf_margin
MSFT,2015-06-30,0.24791622141483222,fcf_margin
MSFT,2015-09-30,0.2605610524692038,fcf_margin
MSFT,2015-12-31,0.2769174878525044,fcf_margin
MSFT,2016-03-31,0.27899776718919045,fcf_margin
MSFT,2016-06-30,0.2928035630567276,fcf_margin
MSFT,2016-09-30,0.3090630719819498,fcf_margin
MSFT,2016-12-31,0.31000348710334197,fcf_margin
MSFT,2017-03-31,0.3108211399868967,fcf_margin
MSFT,2017-06-30,0.3249215603027824,fcf_margin
MSFT,2017-09-30,0.32566721448664565,fcf_margin
MSFT,2017-12-31,0.32544268770838836,fcf_margin
MSFT,2018-03-31,0.3167359274650548,fcf_margin
MSFT,2018-06-30,0.2922435665096049,fcf_margin
MSFT,2018-09-30,0.2784798008807199,fcf_margin
MSFT,2018-12-31,0.2693168100355397,fcf_margin
MSFT,2019-03-31,0.2752698202289483,fcf_margin
MSFT,2019-06-30,0.30402962421429874,fcf_margin
MSFT,2019-09-30,0.2976412405441632,fcf_margin
MSFT,2019-12-31,0.30227413239577205,fcf_margin
MSFT,2020-03-31,0.31263383297644537,fcf_margin
MSFT,2020-06-30,0.3162885012061672,fcf_margin
MSFT,2020-09-30,0.3346316462063434,fcf_margin
MSFT,2020-12-31,0.32903629863521305,fcf_margin
MSFT,2021-03-31,0.33624639773956205,fcf_margin
MSFT,2021-06-30,0.33386083480081863,fcf_margin
MSFT,2021-09-30,0.342806565636507,fcf_margin
MSFT,2021-12-31,0.32824237573214066,fcf_margin
MSFT,2022-03-31,0.33054627980286355,fcf_margin
MSFT,2022-06-30,0.3285872799717557,fcf_margin
MSFT,2022-09-30,0.3118749230579835,fcf_margin
MSFT,2022-12-31,0.2921104981038149,fcf_margin
MSFT,2023-03-31,0.2765341464707044,fcf_margin
MSFT,2023-06-30,0.2806549795908737,fcf_margin
MSFT,2023-09-30,0.2896156841189135,fcf_margin
MSFT,2023-12-31,0.2963534183133187,fcf_margin
MSFT,2024-03-31,0.2983126500524127,fcf_margin
MSFT,2024-06-30,0.3021801388696241,fcf_margin
MSFT,2024-09-30,0.2858570360753767,fcf_margin
MSFT,2024-12-31,0.2674960466306598,fcf_margin
MSFT,2025-03-31,0.25689789267064184,fcf_margin
MSFT,2025-06-30,0.2541884965427156,fcf_margin
MSFT,2025-09-30,0.2655337426653779,fcf_margin
MSFT,2025-12-31,0.2534334251095913,fcf_margin
MSFT,2026-03-31,0.22909891822429174,fcf_margin
MSFT,2010-12-31,,net_debt_to_ebitda
MSFT,2011-03-31,,net_debt_to_ebitda
MSFT,2011-09-30,,net_debt_to_ebitda
MSFT,2011-12-31,0.046690072025770024,net_debt_to_ebitda
MSFT,2012-03-31,0.19604380077711056,net_debt_to_ebitda
MSFT,2012-06-30,0.22230186819586936,net_debt_to_ebitda
MSFT,2012-09-30,0.3397901927299341,net_debt_to_ebitda
MSFT,2012-12-31,0.402805808515875,net_debt_to_ebitda
MSFT,2013-03-31,0.4148532271506621,net_debt_to_ebitda
MSFT,2013-06-30,0.42889866560011636,net_debt_to_ebitda
MSFT,2013-09-30,0.3709536001122295,net_debt_to_ebitda
MSFT,2013-12-31,0.44077548031660796,net_debt_to_ebitda
MSFT,2014-03-31,0.39708821010562373,net_debt_to_ebitda
MSFT,2014-06-30,0.41710949517549994,net_debt_to_ebitda
MSFT,2014-09-30,0.4906792825872052,net_debt_to_ebitda
MSFT,2014-12-31,0.479748356542023,net_debt_to_ebitda
MSFT,2015-03-31,0.8071873332147305,net_debt_to_ebitda
MSFT,2015-06-30,1.2719456314678474,net_debt_to_ebitda
MSFT,2015-09-30,1.2040848144683505,net_debt_to_ebitda
MSFT,2015-12-31,1.965024121295658,net_debt_to_ebitda
MSFT,2016-03-31,2.109575333041466,net_debt_to_ebitda
MSFT,2016-06-30,1.6110586011342154,net_debt_to_ebitda
MSFT,2016-09-30,2.098122789516641,net_debt_to_ebitda
MSFT,2016-12-31,2.1430892953873077,net_debt_to_ebitda
MSFT,2017-03-31,2.7218252427184466,net_debt_to_ebitda
MSFT,2017-06-30,2.26076056521456,net_debt_to_ebitda
MSFT,2017-09-30,2.1966558522585475,net_debt_to_ebitda
MSFT,2017-12-31,1.9330955044290594,net_debt_to_ebitda
MSFT,2018-03-31,1.9534433989493736,net_debt_to_ebitda
MSFT,2018-06-30,1.7252638079639127,net_debt_to_ebitda
MSFT,2018-09-30,1.5465643441481143,net_debt_to_ebitda
MSFT,2018-12-31,1.622276383134292,net_debt_to_ebitda
MSFT,2019-03-31,1.4409313154831198,net_debt_to_ebitda
MSFT,2019-06-30,1.355334700062394,net_debt_to_ebitda
MSFT,2019-09-30,1.1872801937453932,net_debt_to_ebitda
MSFT,2019-12-31,1.1910821780819232,net_debt_to_ebitda
MSFT,2020-03-31,1.0250569476082005,net_debt_to_ebitda
MSFT,2020-06-30,0.911858504398827,net_debt_to_ebitda
MSFT,2020-09-30,0.8032548224405969,net_debt_to_ebitda
MSFT,2020-12-31,0.7473569853418083,net_debt_to_ebitda
MSFT,2021-03-31,0.6741648174605587,net_debt_to_ebitda
MSFT,2021-06-30,0.6144483926023334,net_debt_to_ebitda
MSFT,2021-09-30,0.4495783926218709,net_debt_to_ebitda
MSFT,2021-12-31,0.4065589282601658,net_debt_to_ebitda
MSFT,2022-03-31,0.44700290215093574,net_debt_to_ebitda
MSFT,2022-06-30,0.41993674592948343,net_debt_to_ebitda
MSFT,2022-09-30,0.2963705034314403,net_debt_to_ebitda
MSFT,2022-12-31,0.38118381817754926,net_debt_to_ebitda
MSFT,2023-03-31,0.24802933088909257,net_debt_to_ebitda
MSFT,2023-06-30,0.13772527472527474,net_debt_to_ebitda
MSFT,2023-09-30,-0.36063498651172443,net_debt_to_ebitda
MSFT,2023-12-31,0.28812415003713315,net_debt_to_ebitda
MSFT,2024-03-31,0.23038706266294737,net_debt_to_ebitda
MSFT,2024-06-30,0.23318063572423336,net_debt_to_ebitda
MSFT,2024-09-30,0.19690972503852705,net_debt_to_ebitda
MSFT,2024-12-31,0.2061945375850455,net_debt_to_ebitda
MSFT,2025-03-31,0.09784167652997285,net_debt_to_ebitda
MSFT,2025-06-30,0.08252358912726622,net_debt_to_ebitda
MSFT,2025-09-30,0.08632475035620457,net_debt_to_ebitda
MSFT,2025-12-31,0.09104750825449506,net_debt_to_ebitda
MSFT,2026-03-31,0.04419772753133178,net_debt_to_ebitda
MSFT,2008-09-30,,rule_of_40
MSFT,2008-12-31,,rule_of_40
MSFT,2009-03-31,,rule_of_40
MSFT,2009-06-30,0.23957565535527198,rule_of_40
MSFT,2009-09-30,0.2496002766212463,rule_of_40
MSFT,2009-12-31,0.2646807436341865,rule_of_40
MSFT,2010-03-31,0.3129867735835807,rule_of_40
MSFT,2010-06-30,0.42288059687527657,rule_of_40
MSFT,2010-09-30,0.5338838818977101,rule_of_40
MSFT,2010-12-31,0.48354725746310817,rule_of_40
MSFT,2011-03-31,0.5048150747351029,rule_of_40
MSFT,2011-06-30,0.47164712469009923,rule_of_40
MSFT,2011-09-30,0.4339715315414189,rule_of_40
MSFT,2011-12-31,0.45145332218162654,rule_of_40
MSFT,2012-03-31,0.44181525391068105,rule_of_40
MSFT,2012-06-30,0.45176249403109414,rule_of_40
MSFT,2012-09-30,0.42020460400150467,rule_of_40
MSFT,2012-12-31,0.39105579316015565,rule_of_40
MSFT,2013-03-31,0.4028926919508892,rule_of_40
MSFT,2013-06-30,0.37165431483981665,rule_of_40
MSFT,2013-09-30,0.4052123027035011,rule_of_40
MSFT,2013-12-31,0.413692274471653,rule_of_40
MSFT,2014-03-31,0.3685053121687454,rule_of_40
MSFT,2014-06-30,0.42654036612592694,rule_of_40
MSFT,2014-09-30,0.4348693267355763,rule_of_40
MSFT,2014-12-31,0.41207719419654215,rule_of_40
MSFT,2015-03-31,0.41770434690174385,rule_of_40
MSFT,2015-06-30,0.3256170955064794,rule_of_40
MSFT,2015-09-30,0.25239756413523295,rule_of_40
MSFT,2015-12-31,0.21943589223531562,rule_of_40
MSFT,2016-03-31,0.19569081017203527,rule_of_40
MSFT,2016-06-30,0.2045368393978262,rule_of_40
MSFT,2016-09-30,0.26621285492119484,rule_of_40
MSFT,2016-12-31,0.3192560187776528,rule_of_40
MSFT,2017-03-31,0.36484595411115145,rule_of_40
MSFT,2017-06-30,0.4567898209685115,rule_of_40
MSFT,2017-09-30,0.4673978663877842,rule_of_40
MSFT,2017-12-31,0.47588307511432093,rule_of_40
MSFT,2018-03-31,0.4728835579520608,rule_of_40
MSFT,2018-06-30,0.43502970313447153,rule_of_40
MSFT,2018-09-30,0.43702831319658686,rule_of_40
MSFT,2018-12-31,0.4275794991128133,rule_of_40
MSFT,2019-03-31,0.4295104700211658,rule_of_40
MSFT,2019-06-30,0.4443250210972273,rule_of_40
MSFT,2019-09-30,0.4273820721804572,rule_of_40
MSFT,2019-12-31,0.4355691965107824,rule_of_40
MSFT,2020-03-31,0.4475480387353377,rule_of_40
MSFT,2020-06-30,0.4527442436789309,rule_of_40
MSFT,2020-09-30,0.4678992444623095,rule_of_40
MSFT,2020-12-31,0.47082506428709875,rule_of_40
MSFT,2021-03-31,0.4896000628705291,rule_of_40
MSFT,2021-06-30,0.5091781092125937,rule_of_40
MSFT,2021-09-30,0.5408638545417098,rule_of_40
MSFT,2021-12-31,0.5345196127562266,rule_of_40
MSFT,2022-03-31,0.5342607494813638,rule_of_40
MSFT,2022-06-30,0.5081479862684575,rule_of_40
MSFT,2022-09-30,0.46406696735844133,rule_of_40
MSFT,2022-12-31,0.3959000526269973,rule_of_40
MSFT,2023-03-31,0.35460972928514367,rule_of_40
MSFT,2023-06-30,0.3494752751474379,rule_of_40
MSFT,2023-09-30,0.36463722788353237,rule_of_40
MSFT,2023-12-31,0.41144254391230745,rule_of_40
MSFT,2024-03-31,0.43797670099874475,rule_of_40
MSFT,2024-06-30,0.4588797590003368,rule_of_40
MSFT,2024-09-30,0.45021047842799455,rule_of_40
MSFT,2024-12-31,0.4178543774374424,rule_of_40
MSFT,2025-03-31,0.39818386298139835,rule_of_40
MSFT,2025-06-30,0.4035100588667827,rule_of_40
MSFT,2025-09-30,0.4214092688465809,rule_of_40
MSFT,2025-12-31,0.42016629957197127,rule_of_40
MSFT,2026-03-31,0.4078441498823784,rule_of_40
