ticker,concept,end,value
XOM,Capex,2008-09-30,5142000000.0
XOM,Capex,2009-03-31,4673000000.0
XOM,Capex,2009-06-30,5565000000.0
XOM,Capex,2009-09-30,5490000000.0
XOM,Capex,2009-12-31,6763000000.0
XOM,Capex,2010-03-31,5756000000.0
XOM,Capex,2010-06-30,5644000000.0
XOM,Capex,2010-09-30,7801000000.0
XOM,Capex,2010-12-31,7670000000.0
XOM,Capex,2011-03-31,7051000000.0
XOM,Capex,2011-06-30,7812000000.0
XOM,Capex,2011-09-30,7478000000.0
XOM,Capex,2011-12-31,8634000000.0
XOM,Capex,2012-03-31,7843000000.0
XOM,Capex,2012-06-30,8345000000.0
XOM,Capex,2012-09-30,8026000000.0
XOM,Capex,2012-12-31,10057000000.0
XOM,Capex,2013-03-31,7494000000.0
XOM,Capex,2013-06-30,8651000000.0
XOM,Capex,2013-09-30,9098000000.0
XOM,Capex,2013-12-31,8426000000.0
XOM,Capex,2014-03-31,7328000000.0
XOM,Capex,2014-06-30,8542000000.0
XOM,Capex,2014-09-30,8198000000.0
XOM,Capex,2014-12-31,8884000000.0
XOM,Capex,2015-03-31,6844000000.0
XOM,Capex,2015-06-30,7109000000.0
XOM,Capex,2015-09-30,6401000000.0
XOM,Capex,2015-12-31,6136000000.0
XOM,Capex,2016-03-31,4601000000.0
XOM,Capex,2016-06-30,4271000000.0
XOM,Capex,2016-09-30,3404000000.0
XOM,Capex,2016-12-31,3887000000.0
XOM,Capex,2017-03-31,2890000000.0
XOM,Capex,2017-06-30,3098000000.0
XOM,Capex,2017-09-30,4913000000.0
XOM,Capex,2017-12-31,4501000000.0
XOM,Capex,2018-03-31,3349000000.0
XOM,Capex,2018-06-30,4927000000.0
XOM,Capex,2018-09-30,5204000000.0
XOM,Capex,2018-12-31,6094000000.0
XOM,Capex,2019-03-31,5199000000.0
XOM,Capex,2019-06-30,6173000000.0
XOM,Capex,2019-09-30,6285000000.0
XOM,Capex,2019-12-31,6704000000.0
XOM,Capex,2020-03-31,5945000000.0
XOM,Capex,2020-06-30,4417000000.0
XOM,Capex,2020-09-30,3291000000.0
XOM,Capex,2020-12-31,3629000000.0
XOM,Capex,2021-03-31,2400000000.0
XOM,Capex,2021-06-30,2747000000.0
XOM,Capex,2021-09-30,2840000000.0
XOM,Capex,2021-12-31,4089000000.0
XOM,Capex,2022-03-31,3911000000.0
XOM,Capex,2022-06-30,3837000000.0
XOM,Capex,2022-09-30,4876000000.0
XOM,Capex,2022-12-31,5783000000.0
XOM,Capex,2023-03-31,5412000000.0
XOM,Capex,2023-06-30,5359000000.0
XOM,Capex,2023-09-30,4920000000.0
XOM,Capex,2023-12-31,6228000000.0
XOM,Capex,2024-03-31,5074000000.0
XOM,Capex,2024-06-30,6235000000.0
XOM,Capex,2024-09-30,6160000000.0
XOM,Capex,2024-12-31,6837000000.0
XOM,Capex,2025-03-31,5898000000.0
XOM,Capex,2025-06-30,6283000000.0
XOM,Capex,2025-09-30,8727000000.0
XOM,Capex,2025-12-31,7450000000.0
XOM,Capex,2026-03-31,6470000000.0
XOM,CashAndEquivalents,2006-12-31,28244000000.0
XOM,CashAndEquivalents,2007-12-31,33981000000.0
XOM,CashAndEquivalents,2008-06-30,38968000000.0
XOM,CashAndEquivalents,2008-09-30,36674000000.0
XOM,CashAndEquivalents,2008-12-31,31437000000.0
XOM,CashAndEquivalents,2009-03-31,24972000000.0
XOM,CashAndEquivalents,2009-06-30,15576000000.0
XOM,CashAndEquivalents,2009-09-30,12472000000.0
XOM,CashAndEquivalents,2009-12-31,10693000000.0
XOM,CashAndEquivalents,2010-03-31,13742000000.0
XOM,CashAndEquivalents,2010-06-30,13252000000.0
XOM,CashAndEquivalents,2010-09-30,12244000000.0
XOM,CashAndEquivalents,2010-12-31,7825000000.0
XOM,CashAndEquivalents,2011-03-31,12833000000.0
XOM,CashAndEquivalents,2011-06-30,8287000000.0
XOM,CashAndEquivalents,2011-09-30,11022000000.0
XOM,CashAndEquivalents,2011-12-31,12664000000.0
XOM,CashAndEquivalents,2012-03-31,18670000000.0
XOM,CashAndEquivalents,2012-06-30,17802000000.0
XOM,CashAndEquivalents,2012-09-30,13055000000.0
XOM,CashAndEquivalents,2012-12-31,9582000000.0
XOM,CashAndEquivalents,2013-03-31,6214000000.0
XOM,CashAndEquivalents,2013-06-30,4609000000.0
XOM,CashAndEquivalents,2013-09-30,5310000000.0
XOM,CashAndEquivalents,2013-12-31,4644000000.0
XOM,CashAndEquivalents,2014-03-31,5601000000.0
XOM,CashAndEquivalents,2014-06-30,6083000000.0
XOM,CashAndEquivalents,2014-09-30,4962000000.0
XOM,CashAndEquivalents,2014-12-31,4616000000.0
XOM,CashAndEquivalents,2015-03-31,5184000000.0
XOM,CashAndEquivalents,2015-06-30,4343000000.0
XOM,CashAndEquivalents,2015-09-30,4296000000.0
XOM,CashAndEquivalents,2015-12-31,3705000000.0
XOM,CashAndEquivalents,2016-03-31,4846000000.0
XOM,CashAndEquivalents,2016-06-30,4358000000.0
XOM,CashAndEquivalents,2016-09-30,5093000000.0
XOM,CashAndEquivalents,2016-12-31,3657000000.0
XOM,CashAndEquivalents,2017-03-31,4897000000.0
XOM,CashAndEquivalents,2017-06-30,4042000000.0
XOM,CashAndEquivalents,2017-09-30,4266000000.0
XOM,CashAndEquivalents,2017-12-31,3177000000.0
XOM,CashAndEquivalents,2018-03-31,4125000000.0
XOM,CashAndEquivalents,2018-06-30,3430000000.0
XOM,CashAndEquivalents,2018-09-30,5669000000.0
XOM,CashAndEquivalents,2018-12-31,3042000000.0
XOM,CashAndEquivalents,2019-03-31,4586000000.0
XOM,CashAndEquivalents,2019-06-30,4213000000.0
XOM,CashAndEquivalents,2019-09-30,5351000000.0
XOM,CashAndEquivalents,2019-12-31,3089000000.0
XOM,CashAndEquivalents,2020-03-31,11412000000.0
XOM,CashAndEquivalents,2020-06-30,12576000000.0
XOM,CashAndEquivalents,2020-09-30,8832000000.0
XOM,CashAndEquivalents,2020-12-31,4364000000.0
XOM,CashAndEquivalents,2021-03-31,3515000000.0
XOM,CashAndEquivalents,2021-06-30,3465000000.0
XOM,CashAndEquivalents,2021-09-30,4768000000.0
XOM,CashAndEquivalents,2021-12-31,6802000000.0
XOM,CashAndEquivalents,2022-03-31,11074000000.0
XOM,CashAndEquivalents,2022-06-30,18861000000.0
XOM,CashAndEquivalents,2022-09-30,30407000000.0
XOM,CashAndEquivalents,2022-12-31,29640000000.0
XOM,CashAndEquivalents,2023-03-31,32651000000.0
XOM,CashAndEquivalents,2023-06-30,29528000000.0
XOM,CashAndEquivalents,2023-09-30,32944000000.0
XOM,CashAndEquivalents,2023-12-31,31539000000.0
XOM,CashAndEquivalents,2024-03-31,33320000000.0
XOM,CashAndEquivalents,2024-06-30,26460000000.0
XOM,CashAndEquivalents,2024-09-30,26926000000.0
XOM,CashAndEquivalents,2024-12-31,23029000000.0
XOM,CashAndEquivalents,2025-03-31,17036000000.0
XOM,CashAndEquivalents,2025-06-30,14352000000.0
XOM,CashAndEquivalents,2025-09-30,13814000000.0
XOM,CashAndEquivalents,2025-12-31,10681000000.0
XOM,CashAndEquivalents,2026-03-31,8435000000.0
XOM,DepreciationAndAmortization,2008-09-30,3008000000.0
XOM,DepreciationAndAmortization,2009-03-31,2793000000.0
XOM,DepreciationAndAmortization,2009-06-30,3004000000.0
XOM,DepreciationAndAmortization,2009-09-30,2927000000.0
XOM,DepreciationAndAmortization,2009-12-31,3193000000.0
XOM,DepreciationAndAmortization,2010-03-31,3280000000.0
XOM,DepreciationAndAmortization,2010-06-30,3366000000.0
XOM,DepreciationAndAmortization,2010-09-30,3844000000.0
XOM,DepreciationAndAmortization,2010-12-31,4270000000.0
XOM,DepreciationAndAmortization,2011-03-31,3761000000.0
XOM,DepreciationAndAmortization,2011-06-30,3881000000.0
XOM,DepreciationAndAmortization,2011-09-30,3866000000.0
XOM,DepreciationAndAmortization,2011-12-31,4075000000.0
XOM,DepreciationAndAmortization,2012-03-31,3842000000.0
XOM,DepreciationAndAmortization,2012-06-30,3899000000.0
XOM,DepreciationAndAmortization,2012-09-30,4037000000.0
XOM,DepreciationAndAmortization,2012-12-31,4110000000.0
XOM,DepreciationAndAmortization,2013-03-31,4110000000.0
XOM,DepreciationAndAmortization,2013-06-30,4405000000.0
XOM,DepreciationAndAmortization,2013-09-30,4287000000.0
XOM,DepreciationAndAmortization,2013-12-31,4380000000.0
XOM,DepreciationAndAmortization,2014-03-31,4192000000.0
XOM,DepreciationAndAmortization,2014-06-30,4285000000.0
XOM,DepreciationAndAmortization,2014-09-30,4362000000.0
XOM,DepreciationAndAmortization,2014-12-31,4458000000.0
XOM,DepreciationAndAmortization,2015-03-31,4300000000.0
XOM,DepreciationAndAmortization,2015-06-30,4451000000.0
XOM,DepreciationAndAmortization,2015-09-30,4542000000.0
XOM,DepreciationAndAmortization,2015-12-31,4755000000.0
XOM,DepreciationAndAmortization,2016-03-31,4765000000.0
XOM,DepreciationAndAmortization,2016-06-30,4821000000.0
XOM,DepreciationAndAmortization,2016-09-30,4605000000.0
XOM,DepreciationAndAmortization,2016-12-31,8117000000.0
XOM,DepreciationAndAmortization,2017-03-31,4519000000.0
XOM,DepreciationAndAmortization,2017-06-30,4652000000.0
XOM,DepreciationAndAmortization,2017-09-30,4880000000.0
XOM,DepreciationAndAmortization,2017-12-31,5842000000.0
XOM,DepreciationAndAmortization,2018-03-31,4470000000.0
XOM,DepreciationAndAmortization,2018-06-30,4589000000.0
XOM,DepreciationAndAmortization,2018-09-30,4658000000.0
XOM,DepreciationAndAmortization,2018-12-31,5028000000.0
XOM,DepreciationAndAmortization,2019-03-31,4571000000.0
XOM,DepreciationAndAmortization,2019-06-30,4631000000.0
XOM,DepreciationAndAmortization,2019-09-30,4873000000.0
XOM,DepreciationAndAmortization,2019-12-31,4923000000.0
XOM,DepreciationAndAmortization,2020-03-31,5819000000.0
XOM,DepreciationAndAmortization,2020-06-30,4916000000.0
XOM,DepreciationAndAmortization,2020-09-30,4983000000.0
XOM,DepreciationAndAmortization,2020-12-31,30291000000.0
XOM,DepreciationAndAmortization,2021-03-31,5004000000.0
XOM,DepreciationAndAmortization,2021-06-30,4952000000.0
XOM,DepreciationAndAmortization,2021-09-30,4990000000.0
XOM,DepreciationAndAmortization,2021-12-31,5661000000.0
XOM,DepreciationAndAmortization,2022-03-31,8883000000.0
XOM,DepreciationAndAmortization,2022-06-30,4451000000.0
XOM,DepreciationAndAmortization,2022-09-30,5642000000.0
XOM,DepreciationAndAmortization,2022-12-31,5064000000.0
XOM,DepreciationAndAmortization,2023-03-31,4244000000.0
XOM,DepreciationAndAmortization,2023-06-30,4242000000.0
XOM,DepreciationAndAmortization,2023-09-30,4415000000.0
XOM,DepreciationAndAmortization,2023-12-31,7740000000.0
XOM,DepreciationAndAmortization,2024-03-31,4812000000.0
XOM,DepreciationAndAmortization,2024-06-30,5787000000.0
XOM,DepreciationAndAmortization,2024-09-30,6258000000.0
XOM,DepreciationAndAmortization,2024-12-31,6585000000.0
XOM,DepreciationAndAmortization,2025-03-31,5702000000.0
XOM,DepreciationAndAmortization,2025-06-30,6101000000.0
XOM,DepreciationAndAmortization,2025-09-30,6475000000.0
XOM,DepreciationAndAmortization,2025-12-31,7715000000.0
XOM,DepreciationAndAmortization,2026-03-31,6771000000.0
XOM,DividendsPerShare,2008-06-30,0.4
XOM,DividendsPerShare,2008-09-30,0.4
XOM,DividendsPerShare,2009-03-31,0.4
XOM,DividendsPerShare,2009-06-30,0.42
XOM,DividendsPerShare,2009-09-30,0.42
XOM,DividendsPerShare,2009-12-31,0.41999999999999993
XOM,DividendsPerShare,2010-03-31,0.42
XOM,DividendsPerShare,2010-06-30,0.44
XOM,DividendsPerShare,2010-09-30,0.44
XOM,DividendsPerShare,2010-12-31,0.43999999999999995
XOM,DividendsPerShare,2011-03-31,0.44
XOM,DividendsPerShare,2011-06-30,0.47
XOM,DividendsPerShare,2011-09-30,0.47
XOM,DividendsPerShare,2011-12-31,0.4700000000000002
XOM,DividendsPerShare,2012-03-31,0.47
XOM,DividendsPerShare,2012-06-30,0.57
XOM,DividendsPerShare,2012-09-30,0.57
XOM,DividendsPerShare,2012-12-31,0.5700000000000001
XOM,DividendsPerShare,2013-03-31,0.57
XOM,DividendsPerShare,2013-06-30,0.63
XOM,DividendsPerShare,2013-09-30,0.63
XOM,DividendsPerShare,2013-12-31,0.6299999999999999
XOM,DividendsPerShare,2014-03-31,0.63
XOM,DividendsPerShare,2014-06-30,0.69
XOM,DividendsPerShare,2014-09-30,0.69
XOM,DividendsPerShare,2014-12-31,0.6900000000000004
XOM,DividendsPerShare,2015-03-31,0.69
XOM,DividendsPerShare,2015-06-30,0.73
XOM,DividendsPerShare,2015-09-30,0.73
XOM,DividendsPerShare,2015-12-31,0.73
XOM,DividendsPerShare,2016-03-31,0.73
XOM,DividendsPerShare,2016-06-30,0.75
XOM,DividendsPerShare,2016-09-30,0.75
XOM,DividendsPerShare,2016-12-31,0.75
XOM,DividendsPerShare,2017-03-31,0.75
XOM,DividendsPerShare,2017-06-30,0.77
XOM,DividendsPerShare,2017-09-30,0.77
XOM,DividendsPerShare,2017-12-31,0.77
XOM,DividendsPerShare,2018-03-31,0.77
XOM,DividendsPerShare,2018-06-30,0.82
XOM,DividendsPerShare,2018-09-30,0.82
XOM,DividendsPerShare,2018-12-31,0.8199999999999998
XOM,DividendsPerShare,2019-03-31,0.82
XOM,DividendsPerShare,2019-06-30,0.87
XOM,DividendsPerShare,2019-09-30,0.87
XOM,DividendsPerShare,2019-12-31,0.8700000000000001
XOM,DividendsPerShare,2020-03-31,0.87
XOM,DividendsPerShare,2020-06-30,0.87
XOM,DividendsPerShare,2020-09-30,0.87
XOM,DividendsPerShare,2020-12-31,0.8700000000000001
XOM,DividendsPerShare,2021-03-31,0.87
XOM,DividendsPerShare,2021-06-30,0.87
XOM,DividendsPerShare,2021-09-30,0.87
XOM,DividendsPerShare,2021-12-31,0.8800000000000003
XOM,DividendsPerShare,2022-03-31,0.88
XOM,DividendsPerShare,2022-06-30,0.88
XOM,DividendsPerShare,2022-09-30,0.88
XOM,DividendsPerShare,2022-12-31,0.9099999999999997
XOM,DividendsPerShare,2023-03-31,0.91
XOM,DividendsPerShare,2023-06-30,0.91
XOM,DividendsPerShare,2023-09-30,0.91
XOM,DividendsPerShare,2023-12-31,0.9500000000000002
XOM,DividendsPerShare,2024-03-31,0.95
XOM,DividendsPerShare,2024-06-30,0.95
XOM,DividendsPerShare,2024-09-30,0.95
XOM,DividendsPerShare,2024-12-31,0.9899999999999998
XOM,DividendsPerShare,2025-03-31,0.99
XOM,DividendsPerShare,2025-06-30,0.99
XOM,DividendsPerShare,2025-09-30,0.99
XOM,DividendsPerShare,2025-12-31,1.0299999999999998
XOM,DividendsPerShare,2026-03-31,1.03
XOM,LongTermDebt,2008-12-31,7025000000.0
XOM,LongTermDebt,2009-06-30,7117000000.0
XOM,LongTermDebt,2009-09-30,7185000000.0
XOM,LongTermDebt,2009-12-31,348000000.0
XOM,LongTermDebt,2010-03-31,7054000000.0
XOM,LongTermDebt,2010-06-30,17486000000.0
XOM,LongTermDebt,2010-09-30,15248000000.0
XOM,LongTermDebt,2010-12-31,345000000.0
XOM,LongTermDebt,2011-03-31,12316000000.0
XOM,LongTermDebt,2011-06-30,12123000000.0
XOM,LongTermDebt,2011-09-30,9331000000.0
XOM,LongTermDebt,2011-12-31,3431000000.0
XOM,LongTermDebt,2012-03-31,9231000000.0
XOM,LongTermDebt,2012-06-30,8877000000.0
XOM,LongTermDebt,2012-09-30,8928000000.0
XOM,LongTermDebt,2012-12-31,8525000000.0
XOM,LongTermDebt,2013-03-31,7061000000.0
XOM,LongTermDebt,2013-06-30,7098000000.0
XOM,LongTermDebt,2013-09-30,7014000000.0
XOM,LongTermDebt,2013-12-31,7534000000.0
XOM,LongTermDebt,2014-03-31,11786000000.0
XOM,LongTermDebt,2014-06-30,11448000000.0
XOM,LongTermDebt,2014-09-30,11238000000.0
XOM,LongTermDebt,2014-12-31,12070000000.0
XOM,LongTermDebt,2015-03-31,19155000000.0
XOM,LongTermDebt,2015-06-30,18857000000.0
XOM,LongTermDebt,2015-09-30,18790000000.0
XOM,LongTermDebt,2015-12-31,19258000000.0
XOM,LongTermDebt,2016-03-31,28306000000.0
XOM,LongTermDebt,2016-06-30,28247000000.0
XOM,LongTermDebt,2016-09-30,27687000000.0
XOM,LongTermDebt,2016-12-31,30660000000.0
XOM,LongTermDebt,2017-03-31,23907000000.0
XOM,LongTermDebt,2017-06-30,23531000000.0
XOM,LongTermDebt,2017-09-30,23523000000.0
XOM,LongTermDebt,2017-12-31,27866000000.0
XOM,LongTermDebt,2018-03-31,20781000000.0
XOM,LongTermDebt,2018-06-30,20720000000.0
XOM,LongTermDebt,2018-09-30,20624000000.0
XOM,LongTermDebt,2018-12-31,4070000000.0
XOM,LongTermDebt,2019-03-31,19031000000.0
XOM,LongTermDebt,2019-06-30,19001000000.0
XOM,LongTermDebt,2019-09-30,25950000000.0
XOM,LongTermDebt,2019-12-31,1617000000.0
XOM,LongTermDebt,2020-03-31,31857000000.0
XOM,LongTermDebt,2020-06-30,46563000000.0
XOM,LongTermDebt,2020-09-30,46888000000.0
XOM,LongTermDebt,2020-12-31,2930000000.0
XOM,LongTermDebt,2021-03-31,45137000000.0
XOM,LongTermDebt,2021-06-30,45319000000.0
XOM,LongTermDebt,2021-09-30,43639000000.0
XOM,LongTermDebt,2021-12-31,2392000000.0
XOM,LongTermDebt,2022-03-31,42651000000.0
XOM,LongTermDebt,2022-06-30,39516000000.0
XOM,LongTermDebt,2022-09-30,39246000000.0
XOM,LongTermDebt,2022-12-31,181000000.0
XOM,LongTermDebt,2023-03-31,39150000000.0
XOM,LongTermDebt,2023-06-30,37567000000.0
XOM,LongTermDebt,2023-09-30,36510000000.0
XOM,LongTermDebt,2023-12-31,4009000000.0
XOM,LongTermDebt,2024-03-31,32213000000.0
XOM,LongTermDebt,2024-06-30,36565000000.0
XOM,LongTermDebt,2024-09-30,36918000000.0
XOM,LongTermDebt,2024-12-31,4892000000.0
XOM,LongTermDebt,2025-03-31,32823000000.0
XOM,LongTermDebt,2025-06-30,33570000000.0
XOM,LongTermDebt,2025-09-30,32824000000.0
XOM,LongTermDebt,2025-12-31,6200000000.0
XOM,LongTermDebt,2026-03-31,33130000000.0
XOM,NetIncomeLoss,2008-06-30,11680000000.0
XOM,NetIncomeLoss,2008-09-30,14830000000.0
XOM,NetIncomeLoss,2009-03-31,4550000000.0
XOM,NetIncomeLoss,2009-06-30,3950000000.0
XOM,NetIncomeLoss,2009-09-30,4730000000.0
XOM,NetIncomeLoss,2009-12-31,6050000000.0
XOM,NetIncomeLoss,2010-03-31,6300000000.0
XOM,NetIncomeLoss,2010-06-30,7560000000.0
XOM,NetIncomeLoss,2010-09-30,7350000000.0
XOM,NetIncomeLoss,2010-12-31,9250000000.0
XOM,NetIncomeLoss,2011-03-31,10650000000.0
XOM,NetIncomeLoss,2011-06-30,10680000000.0
XOM,NetIncomeLoss,2011-09-30,10330000000.0
XOM,NetIncomeLoss,2011-12-31,9400000000.0
XOM,NetIncomeLoss,2012-03-31,9450000000.0
XOM,NetIncomeLoss,2012-06-30,15910000000.0
XOM,NetIncomeLoss,2012-09-30,9570000000.0
XOM,NetIncomeLoss,2012-12-31,9950000000.0
XOM,NetIncomeLoss,2013-03-31,9500000000.0
XOM,NetIncomeLoss,2013-06-30,6860000000.0
XOM,NetIncomeLoss,2013-09-30,7870000000.0
XOM,NetIncomeLoss,2013-12-31,8350000000.0
XOM,NetIncomeLoss,2014-03-31,9100000000.0
XOM,NetIncomeLoss,2014-06-30,8780000000.0
XOM,NetIncomeLoss,2014-09-30,8070000000.0
XOM,NetIncomeLoss,2014-12-31,6570000000.0
XOM,NetIncomeLoss,2015-03-31,4940000000.0
XOM,NetIncomeLoss,2015-06-30,4190000000.0
XOM,NetIncomeLoss,2015-09-30,4240000000.0
XOM,NetIncomeLoss,2015-12-31,2780000000.0
XOM,NetIncomeLoss,2016-03-31,1810000000.0
XOM,NetIncomeLoss,2016-06-30,1700000000.0
XOM,NetIncomeLoss,2016-09-30,2650000000.0
XOM,NetIncomeLoss,2016-12-31,1680000000.0
XOM,NetIncomeLoss,2017-03-31,4010000000.0
XOM,NetIncomeLoss,2017-06-30,3350000000.0
XOM,NetIncomeLoss,2017-09-30,3970000000.0
XOM,NetIncomeLoss,2017-12-31,8380000000.0
XOM,NetIncomeLoss,2018-03-31,4650000000.0
XOM,NetIncomeLoss,2018-06-30,3950000000.0
XOM,NetIncomeLoss,2018-09-30,6240000000.0
XOM,NetIncomeLoss,2018-12-31,6000000000.0
XOM,NetIncomeLoss,2019-03-31,2350000000.0
XOM,NetIncomeLoss,2019-06-30,3130000000.0
XOM,NetIncomeLoss,2019-09-30,3170000000.0
XOM,NetIncomeLoss,2019-12-31,5690000000.0
XOM,NetIncomeLoss,2020-03-31,-610000000.0
XOM,NetIncomeLoss,2020-06-30,-1080000000.0
XOM,NetIncomeLoss,2020-09-30,-680000000.0
XOM,NetIncomeLoss,2020-12-31,-20070000000.0
XOM,NetIncomeLoss,2021-03-31,2730000000.0
XOM,NetIncomeLoss,2021-06-30,4690000000.0
XOM,NetIncomeLoss,2021-09-30,6750000000.0
XOM,NetIncomeLoss,2021-12-31,8870000000.0
XOM,NetIncomeLoss,2022-03-31,5480000000.0
XOM,NetIncomeLoss,2022-06-30,17850000000.0
XOM,NetIncomeLoss,2022-09-30,19660000000.0
XOM,NetIncomeLoss,2022-12-31,12750000000.0
XOM,NetIncomeLoss,2023-03-31,11430000000.0
XOM,NetIncomeLoss,2023-06-30,7880000000.0
XOM,NetIncomeLoss,2023-09-30,9070000000.0
XOM,NetIncomeLoss,2023-12-31,7630000000.0
XOM,NetIncomeLoss,2024-03-31,8220000000.0
XOM,NetIncomeLoss,2024-06-30,9240000000.0
XOM,NetIncomeLoss,2024-09-30,8610000000.0
XOM,NetIncomeLoss,2024-12-31,7610000000.0
XOM,NetIncomeLoss,2025-03-31,7713000000.0
XOM,NetIncomeLoss,2025-06-30,7082000000.0
XOM,NetIncomeLoss,2025-09-30,7548000000.0
XOM,NetIncomeLoss,2025-12-31,6501000000.0
XOM,NetIncomeLoss,2026-03-31,4183000000.0
XOM,OperatingCashFlow,2008-09-30,14403000000.0
XOM,OperatingCashFlow,2009-03-31,8910000000.0
XOM,OperatingCashFlow,2009-06-30,2197000000.0
XOM,OperatingCashFlow,2009-09-30,8827000000.0
XOM,OperatingCashFlow,2009-12-31,8504000000.0
XOM,OperatingCashFlow,2010-03-31,13046000000.0
XOM,OperatingCashFlow,2010-06-30,9235000000.0
XOM,OperatingCashFlow,2010-09-30,13077000000.0
XOM,OperatingCashFlow,2010-12-31,13055000000.0
XOM,OperatingCashFlow,2011-03-31,16856000000.0
XOM,OperatingCashFlow,2011-06-30,12889000000.0
XOM,OperatingCashFlow,2011-09-30,14849000000.0
XOM,OperatingCashFlow,2011-12-31,10751000000.0
XOM,OperatingCashFlow,2012-03-31,19287000000.0
XOM,OperatingCashFlow,2012-06-30,10217000000.0
XOM,OperatingCashFlow,2012-09-30,13442000000.0
XOM,OperatingCashFlow,2012-12-31,13224000000.0
XOM,OperatingCashFlow,2013-03-31,13592000000.0
XOM,OperatingCashFlow,2013-06-30,7683000000.0
XOM,OperatingCashFlow,2013-09-30,13431000000.0
XOM,OperatingCashFlow,2013-12-31,10208000000.0
XOM,OperatingCashFlow,2014-03-31,15103000000.0
XOM,OperatingCashFlow,2014-06-30,10202000000.0
XOM,OperatingCashFlow,2014-09-30,12396000000.0
XOM,OperatingCashFlow,2014-12-31,7415000000.0
XOM,OperatingCashFlow,2015-03-31,7998000000.0
XOM,OperatingCashFlow,2015-06-30,8792000000.0
XOM,OperatingCashFlow,2015-09-30,9174000000.0
XOM,OperatingCashFlow,2015-12-31,4380000000.0
XOM,OperatingCashFlow,2016-03-31,4812000000.0
XOM,OperatingCashFlow,2016-06-30,4519000000.0
XOM,OperatingCashFlow,2016-09-30,5355000000.0
XOM,OperatingCashFlow,2016-12-31,7396000000.0
XOM,OperatingCashFlow,2017-03-31,8173000000.0
XOM,OperatingCashFlow,2017-06-30,6947000000.0
XOM,OperatingCashFlow,2017-09-30,7535000000.0
XOM,OperatingCashFlow,2017-12-31,7411000000.0
XOM,OperatingCashFlow,2018-03-31,8519000000.0
XOM,OperatingCashFlow,2018-06-30,7780000000.0
XOM,OperatingCashFlow,2018-09-30,11108000000.0
XOM,OperatingCashFlow,2018-12-31,8607000000.0
XOM,OperatingCashFlow,2019-03-31,8338000000.0
XOM,OperatingCashFlow,2019-06-30,5947000000.0
XOM,OperatingCashFlow,2019-09-30,9079000000.0
XOM,OperatingCashFlow,2019-12-31,6352000000.0
XOM,OperatingCashFlow,2020-03-31,6274000000.0
XOM,OperatingCashFlow,2020-06-30,0.0
XOM,OperatingCashFlow,2020-09-30,4389000000.0
XOM,OperatingCashFlow,2020-12-31,4005000000.0
XOM,OperatingCashFlow,2021-03-31,9264000000.0
XOM,OperatingCashFlow,2021-06-30,9650000000.0
XOM,OperatingCashFlow,2021-09-30,12091000000.0
XOM,OperatingCashFlow,2021-12-31,17124000000.0
XOM,OperatingCashFlow,2022-03-31,14788000000.0
XOM,OperatingCashFlow,2022-06-30,19963000000.0
XOM,OperatingCashFlow,2022-09-30,24425000000.0
XOM,OperatingCashFlow,2022-12-31,17621000000.0
XOM,OperatingCashFlow,2023-03-31,16341000000.0
XOM,OperatingCashFlow,2023-06-30,9383000000.0
XOM,OperatingCashFlow,2023-09-30,15963000000.0
XOM,OperatingCashFlow,2023-12-31,13682000000.0
XOM,OperatingCashFlow,2024-03-31,14664000000.0
XOM,OperatingCashFlow,2024-06-30,10560000000.0
XOM,OperatingCashFlow,2024-09-30,17569000000.0
XOM,OperatingCashFlow,2024-12-31,12229000000.0
XOM,OperatingCashFlow,2025-03-31,12953000000.0
XOM,OperatingCashFlow,2025-06-30,11550000000.0
XOM,OperatingCashFlow,2025-09-30,14788000000.0
XOM,OperatingCashFlow,2025-12-31,12679000000.0
XOM,OperatingCashFlow,2026-03-31,8705000000.0
XOM,Revenue,2017-03-31,56474000000.0
XOM,Revenue,2017-06-30,56026000000.0
XOM,Revenue,2017-09-30,59350000000.0
XOM,Revenue,2017-12-31,72513000000.0
XOM,Revenue,2018-03-31,65436000000.0
XOM,Revenue,2018-06-30,71456000000.0
XOM,Revenue,2018-09-30,74187000000.0
XOM,Revenue,2018-12-31,71895000000.0
XOM,Revenue,2019-03-31,61646000000.0
XOM,Revenue,2019-06-30,67491000000.0
XOM,Revenue,2019-09-30,63422000000.0
XOM,Revenue,2019-12-31,63024000000.0
XOM,Revenue,2020-03-31,55134000000.0
XOM,Revenue,2020-06-30,32277000000.0
XOM,Revenue,2020-09-30,45425000000.0
XOM,Revenue,2020-12-31,45738000000.0
XOM,Revenue,2021-03-31,57552000000.0
XOM,Revenue,2021-06-30,65943000000.0
XOM,Revenue,2021-09-30,71892000000.0
XOM,Revenue,2021-12-31,81305000000.0
XOM,Revenue,2022-03-31,87734000000.0
XOM,Revenue,2022-06-30,111265000000.0
XOM,Revenue,2022-09-30,106512000000.0
XOM,Revenue,2022-12-31,95429000000.0
XOM,Revenue,2023-03-31,83644000000.0
XOM,Revenue,2023-06-30,80795000000.0
XOM,Revenue,2023-09-30,90760000000.0
XOM,Revenue,2023-12-31,84344000000.0
XOM,Revenue,2024-03-31,83083000000.0
XOM,Revenue,2024-06-30,93060000000.0
XOM,Revenue,2024-09-30,90016000000.0
XOM,Revenue,2024-12-31,83426000000.0
XOM,Revenue,2025-03-31,83130000000.0
XOM,Revenue,2025-06-30,81506000000.0
XOM,Revenue,2025-09-30,85294000000.0
XOM,Revenue,2025-12-31,82308000000.0
XOM,Revenue,2026-03-31,85138000000.0
XOM,StockholdersEquity,2006-12-31,117648000000.0
XOM,StockholdersEquity,2007-12-31,126044000000.0
XOM,StockholdersEquity,2008-12-31,112965000000.0
XOM,StockholdersEquity,2009-06-30,106592000000.0
XOM,StockholdersEquity,2009-09-30,107265000000.0
XOM,StockholdersEquity,2009-12-31,110569000000.0
XOM,StockholdersEquity,2010-03-31,112541000000.0
XOM,StockholdersEquity,2010-06-30,140172000000.0
XOM,StockholdersEquity,2010-09-30,145031000000.0
XOM,StockholdersEquity,2010-12-31,146839000000.0
XOM,StockholdersEquity,2011-03-31,151480000000.0
XOM,StockholdersEquity,2011-06-30,155551000000.0
XOM,StockholdersEquity,2011-09-30,155939000000.0
XOM,StockholdersEquity,2011-12-31,154396000000.0
XOM,StockholdersEquity,2012-03-31,157012000000.0
XOM,StockholdersEquity,2012-06-01,-256000000.0
XOM,StockholdersEquity,2012-06-30,162811000000.0
XOM,StockholdersEquity,2012-09-30,166713000000.0
XOM,StockholdersEquity,2012-12-31,165863000000.0
XOM,StockholdersEquity,2013-03-31,167001000000.0
XOM,StockholdersEquity,2013-06-30,165647000000.0
XOM,StockholdersEquity,2013-09-30,169245000000.0
XOM,StockholdersEquity,2013-12-31,174003000000.0
XOM,StockholdersEquity,2014-03-31,176398000000.0
XOM,StockholdersEquity,2014-06-30,181155000000.0
XOM,StockholdersEquity,2014-09-30,180587000000.0
XOM,StockholdersEquity,2014-12-31,174399000000.0
XOM,StockholdersEquity,2015-03-31,171227000000.0
XOM,StockholdersEquity,2015-06-30,172668000000.0
XOM,StockholdersEquity,2015-09-30,170723000000.0
XOM,StockholdersEquity,2015-12-31,170811000000.0
XOM,StockholdersEquity,2016-03-31,172187000000.0
XOM,StockholdersEquity,2016-06-30,170591000000.0
XOM,StockholdersEquity,2016-09-30,170597000000.0
XOM,StockholdersEquity,2016-12-31,167325000000.0
XOM,StockholdersEquity,2017-03-31,177151000000.0
XOM,StockholdersEquity,2017-06-30,179178000000.0
XOM,StockholdersEquity,2017-09-30,182276000000.0
XOM,StockholdersEquity,2017-12-31,187688000000.0
XOM,StockholdersEquity,2018-03-31,188195000000.0
XOM,StockholdersEquity,2018-06-30,187222000000.0
XOM,StockholdersEquity,2018-09-30,190365000000.0
XOM,StockholdersEquity,2018-12-31,191794000000.0
XOM,StockholdersEquity,2019-03-31,191222000000.0
XOM,StockholdersEquity,2019-06-30,191377000000.0
XOM,StockholdersEquity,2019-09-30,189915000000.0
XOM,StockholdersEquity,2019-12-31,191650000000.0
XOM,StockholdersEquity,2020-03-31,182079000000.0
XOM,StockholdersEquity,2020-06-30,180183000000.0
XOM,StockholdersEquity,2020-09-30,177400000000.0
XOM,StockholdersEquity,2020-12-31,157150000000.0
XOM,StockholdersEquity,2021-03-31,156974000000.0
XOM,StockholdersEquity,2021-06-30,158571000000.0
XOM,StockholdersEquity,2021-09-30,160589000000.0
XOM,StockholdersEquity,2021-12-31,168577000000.0
XOM,StockholdersEquity,2022-03-31,169215000000.0
XOM,StockholdersEquity,2022-06-30,177316000000.0
XOM,StockholdersEquity,2022-09-30,186100000000.0
XOM,StockholdersEquity,2022-12-31,195049000000.0
XOM,StockholdersEquity,2023-03-31,198685000000.0
XOM,StockholdersEquity,2023-06-30,199046000000.0
XOM,StockholdersEquity,2023-09-30,199703000000.0
XOM,StockholdersEquity,2023-12-31,204802000000.0
XOM,StockholdersEquity,2024-03-31,205250000000.0
XOM,StockholdersEquity,2024-06-30,268405000000.0
XOM,StockholdersEquity,2024-09-30,268592000000.0
XOM,StockholdersEquity,2024-12-31,263705000000.0
XOM,StockholdersEquity,2025-03-31,262720000000.0
XOM,StockholdersEquity,2025-06-30,262593000000.0
XOM,StockholdersEquity,2025-09-30,260561000000.0
XOM,StockholdersEquity,2025-12-31,259386000000.0
XOM,StockholdersEquity,2026-03-31,254381000000.0
XOM,SharesOutstanding,2009-06-30,4871000000.0
XOM,SharesOutstanding,2009-09-30,4803000000.0
XOM,SharesOutstanding,2009-12-31,4726922580.0
XOM,SharesOutstanding,2010-03-31,4698053742.0
XOM,SharesOutstanding,2010-06-30,4729000000.0
XOM,SharesOutstanding,2010-09-30,5089000000.0
XOM,SharesOutstanding,2010-12-31,4978538898.0
XOM,SharesOutstanding,2011-03-31,4971000000.0
XOM,SharesOutstanding,2011-06-30,4912000000.0
XOM,SharesOutstanding,2011-09-30,4843000000.0
XOM,SharesOutstanding,2011-12-31,4875000000.0
XOM,SharesOutstanding,2012-03-31,4716000000.0
XOM,SharesOutstanding,2012-06-30,4657000000.0
XOM,SharesOutstanding,2012-09-30,4597000000.0
XOM,SharesOutstanding,2012-12-31,4628000000.0
XOM,SharesOutstanding,2013-03-31,4485000000.0
XOM,SharesOutstanding,2013-06-30,4433000000.0
XOM,SharesOutstanding,2013-09-30,4395000000.0
XOM,SharesOutstanding,2013-12-31,4419000000.0
XOM,SharesOutstanding,2014-03-31,4328000000.0
XOM,SharesOutstanding,2014-06-30,4297000000.0
XOM,SharesOutstanding,2014-09-30,4267000000.0
XOM,SharesOutstanding,2014-12-31,4282000000.0
XOM,SharesOutstanding,2015-03-31,4211000000.0
XOM,SharesOutstanding,2015-06-30,4200000000.0
XOM,SharesOutstanding,2015-09-30,4190000000.0
XOM,SharesOutstanding,2015-12-31,4196000000.0
XOM,SharesOutstanding,2016-03-31,4178000000.0
XOM,SharesOutstanding,2016-06-30,4178000000.0
XOM,SharesOutstanding,2016-09-30,4178000000.0
XOM,SharesOutstanding,2016-12-31,4177000000.0
XOM,SharesOutstanding,2017-03-31,4223000000.0
XOM,SharesOutstanding,2017-06-30,4271000000.0
XOM,SharesOutstanding,2017-09-30,4271000000.0
XOM,SharesOutstanding,2017-12-31,4256000000.0
XOM,SharesOutstanding,2018-03-31,4270000000.0
XOM,SharesOutstanding,2018-06-30,4271000000.0
XOM,SharesOutstanding,2018-09-30,4271000000.0
XOM,SharesOutstanding,2018-12-31,4270000000.0
XOM,SharesOutstanding,2019-03-31,4270000000.0
XOM,SharesOutstanding,2019-06-30,4271000000.0
XOM,SharesOutstanding,2019-09-30,4271000000.0
XOM,SharesOutstanding,2019-12-31,4270000000.0
XOM,SharesOutstanding,2020-03-31,4270000000.0
XOM,SharesOutstanding,2020-06-30,4271000000.0
XOM,SharesOutstanding,2020-09-30,4271000000.0
XOM,SharesOutstanding,2020-12-31,4271000000.0
XOM,SharesOutstanding,2021-03-31,4272000000.0
XOM,SharesOutstanding,2021-06-30,4276000000.0
XOM,SharesOutstanding,2021-09-30,4276000000.0
XOM,SharesOutstanding,2021-12-31,4275000000.0
XOM,SharesOutstanding,2022-03-31,4266000000.0
XOM,SharesOutstanding,2022-06-30,4233000000.0
XOM,SharesOutstanding,2022-09-30,4185000000.0
XOM,SharesOutstanding,2022-12-31,4205000000.0
XOM,SharesOutstanding,2023-03-31,4102000000.0
XOM,SharesOutstanding,2023-06-30,4066000000.0
XOM,SharesOutstanding,2023-09-30,4025000000.0
XOM,SharesOutstanding,2023-12-31,4052000000.0
XOM,SharesOutstanding,2024-03-31,3998000000.0
XOM,SharesOutstanding,2024-06-30,4317000000.0
XOM,SharesOutstanding,2024-09-30,4462000000.0
XOM,SharesOutstanding,2024-12-31,4298000000.0
XOM,SharesOutstanding,2025-03-31,4372000000.0
XOM,SharesOutstanding,2025-06-30,4331000000.0
XOM,SharesOutstanding,2025-09-30,4285000000.0
XOM,SharesOutstanding,2025-12-31,4305000000.0
XOM,SharesOutstanding,2026-03-31,4202000000.0
XOM,Revenue_TTM,2017-03-31,
XOM,Revenue_TTM,2017-06-30,
XOM,Revenue_TTM,2017-09-30,
XOM,Revenue_TTM,2017-12-31,244363000000.0
XOM,Revenue_TTM,2018-03-31,253325000000.0
XOM,Revenue_TTM,2018-06-30,268755000000.0
XOM,Revenue_TTM,2018-09-30,283592000000.0
XOM,Revenue_TTM,2018-12-31,282974000000.0
XOM,Revenue_TTM,2019-03-31,279184000000.0
XOM,Revenue_TTM,2019-06-30,275219000000.0
XOM,Revenue_TTM,2019-09-30,264454000000.0
XOM,Revenue_TTM,2019-12-31,255583000000.0
XOM,Revenue_TTM,2020-03-31,249071000000.0
XOM,Revenue_TTM,2020-06-30,213857000000.0
XOM,Revenue_TTM,2020-09-30,195860000000.0
XOM,Revenue_TTM,2020-12-31,178574000000.0
XOM,Revenue_TTM,2021-03-31,180992000000.0
XOM,Revenue_TTM,2021-06-30,214658000000.0
XOM,Revenue_TTM,2021-09-30,241125000000.0
XOM,Revenue_TTM,2021-12-31,276692000000.0
XOM,Revenue_TTM,2022-03-31,306874000000.0
XOM,Revenue_TTM,2022-06-30,352196000000.0
XOM,Revenue_TTM,2022-09-30,386816000000.0
XOM,Revenue_TTM,2022-12-31,400940000000.0
XOM,Revenue_TTM,2023-03-31,396850000000.0
XOM,Revenue_TTM,2023-06-30,366380000000.0
XOM,Revenue_TTM,2023-09-30,350628000000.0
XOM,Revenue_TTM,2023-12-31,339543000000.0
XOM,Revenue_TTM,2024-03-31,338982000000.0
XOM,Revenue_TTM,2024-06-30,351247000000.0
XOM,Revenue_TTM,2024-09-30,350503000000.0
XOM,Revenue_TTM,2024-12-31,349585000000.0
XOM,Revenue_TTM,2025-03-31,349632000000.0
XOM,Revenue_TTM,2025-06-30,338078000000.0
XOM,Revenue_TTM,2025-09-30,333356000000.0
XOM,Revenue_TTM,2025-12-31,332238000000.0
XOM,Revenue_TTM,2026-03-31,334246000000.0
XOM,NetIncomeLoss_TTM,2008-06-30,
XOM,NetIncomeLoss_TTM,2008-09-30,
XOM,NetIncomeLoss_TTM,2009-03-31,
XOM,NetIncomeLoss_TTM,2009-06-30,35010000000.0
XOM,NetIncomeLoss_TTM,2009-09-30,28060000000.0
XOM,NetIncomeLoss_TTM,2009-12-31,19280000000.0
XOM,NetIncomeLoss_TTM,2010-03-31,21030000000.0
XOM,NetIncomeLoss_TTM,2010-06-30,24640000000.0
XOM,NetIncomeLoss_TTM,2010-09-30,27260000000.0
XOM,NetIncomeLoss_TTM,2010-12-31,30460000000.0
XOM,NetIncomeLoss_TTM,2011-03-31,34810000000.0
XOM,NetIncomeLoss_TTM,2011-06-30,37930000000.0
XOM,NetIncomeLoss_TTM,2011-09-30,40910000000.0
XOM,NetIncomeLoss_TTM,2011-12-31,41060000000.0
XOM,NetIncomeLoss_TTM,2012-03-31,39860000000.0
XOM,NetIncomeLoss_TTM,2012-06-30,45090000000.0
XOM,NetIncomeLoss_TTM,2012-09-30,44330000000.0
XOM,NetIncomeLoss_TTM,2012-12-31,44880000000.0
XOM,NetIncomeLoss_TTM,2013-03-31,44930000000.0
XOM,NetIncomeLoss_TTM,2013-06-30,35880000000.0
XOM,NetIncomeLoss_TTM,2013-09-30,34180000000.0
XOM,NetIncomeLoss_TTM,2013-12-31,32580000000.0
XOM,NetIncomeLoss_TTM,2014-03-31,32180000000.0
XOM,NetIncomeLoss_TTM,2014-06-30,34100000000.0
XOM,NetIncomeLoss_TTM,2014-09-30,34300000000.0
XOM,NetIncomeLoss_TTM,2014-12-31,32520000000.0
XOM,NetIncomeLoss_TTM,2015-03-31,28360000000.0
XOM,NetIncomeLoss_TTM,2015-06-30,23770000000.0
XOM,NetIncomeLoss_TTM,2015-09-30,19940000000.0
XOM,NetIncomeLoss_TTM,2015-12-31,16150000000.0
XOM,NetIncomeLoss_TTM,2016-03-31,13020000000.0
XOM,NetIncomeLoss_TTM,2016-06-30,10530000000.0
XOM,NetIncomeLoss_TTM,2016-09-30,8940000000.0
XOM,NetIncomeLoss_TTM,2016-12-31,7840000000.0
XOM,NetIncomeLoss_TTM,2017-03-31,10040000000.0
XOM,NetIncomeLoss_TTM,2017-06-30,11690000000.0
XOM,NetIncomeLoss_TTM,2017-09-30,13010000000.0
XOM,NetIncomeLoss_TTM,2017-12-31,19710000000.0
XOM,NetIncomeLoss_TTM,2018-03-31,20350000000.0
XOM,NetIncomeLoss_TTM,2018-06-30,20950000000.0
XOM,NetIncomeLoss_TTM,2018-09-30,23220000000.0
XOM,NetIncomeLoss_TTM,2018-12-31,20840000000.0
XOM,NetIncomeLoss_TTM,2019-03-31,18540000000.0
XOM,NetIncomeLoss_TTM,2019-06-30,17720000000.0
XOM,NetIncomeLoss_TTM,2019-09-30,14650000000.0
XOM,NetIncomeLoss_TTM,2019-12-31,14340000000.0
XOM,NetIncomeLoss_TTM,2020-03-31,11380000000.0
XOM,NetIncomeLoss_TTM,2020-06-30,7170000000.0
XOM,NetIncomeLoss_TTM,2020-09-30,3320000000.0
XOM,NetIncomeLoss_TTM,2020-12-31,-22440000000.0
XOM,NetIncomeLoss_TTM,2021-03-31,-19100000000.0
XOM,NetIncomeLoss_TTM,2021-06-30,-13330000000.0
XOM,NetIncomeLoss_TTM,2021-09-30,-5900000000.0
XOM,NetIncomeLoss_TTM,2021-12-31,23040000000.0
XOM,NetIncomeLoss_TTM,2022-03-31,25790000000.0
XOM,NetIncomeLoss_TTM,2022-06-30,38950000000.0
XOM,NetIncomeLoss_TTM,2022-09-30,51860000000.0
XOM,NetIncomeLoss_TTM,2022-12-31,55740000000.0
XOM,NetIncomeLoss_TTM,2023-03-31,61690000000.0
XOM,NetIncomeLoss_TTM,2023-06-30,51720000000.0
XOM,NetIncomeLoss_TTM,2023-09-30,41130000000.0
XOM,NetIncomeLoss_TTM,2023-12-31,36010000000.0
XOM,NetIncomeLoss_TTM,2024-03-31,32800000000.0
XOM,NetIncomeLoss_TTM,2024-06-30,34160000000.0
XOM,NetIncomeLoss_TTM,2024-09-30,33700000000.0
XOM,NetIncomeLoss_TTM,2024-12-31,33680000000.0
XOM,NetIncomeLoss_TTM,2025-03-31,33173000000.0
XOM,NetIncomeLoss_TTM,2025-06-30,31015000000.0
XOM,NetIncomeLoss_TTM,2025-09-30,29953000000.0
XOM,NetIncomeLoss_TTM,2025-12-31,28844000000.0
XOM,NetIncomeLoss_TTM,2026-03-31,25314000000.0
XOM,OperatingCashFlow_TTM,2008-09-30,
XOM,OperatingCashFlow_TTM,2009-03-31,
XOM,OperatingCashFlow_TTM,2009-06-30,
XOM,OperatingCashFlow_TTM,2009-09-30,34337000000.0
XOM,OperatingCashFlow_TTM,2009-12-31,28438000000.0
XOM,OperatingCashFlow_TTM,2010-03-31,32574000000.0
XOM,OperatingCashFlow_TTM,2010-06-30,39612000000.0
XOM,OperatingCashFlow_TTM,2010-09-30,43862000000.0
XOM,OperatingCashFlow_TTM,2010-12-31,48413000000.0
XOM,OperatingCashFlow_TTM,2011-03-31,52223000000.0
XOM,OperatingCashFlow_TTM,2011-06-30,55877000000.0
XOM,OperatingCashFlow_TTM,2011-09-30,57649000000.0
XOM,OperatingCashFlow_TTM,2011-12-31,55345000000.0
XOM,OperatingCashFlow_TTM,2012-03-31,57776000000.0
XOM,OperatingCashFlow_TTM,2012-06-30,55104000000.0
XOM,OperatingCashFlow_TTM,2012-09-30,53697000000.0
XOM,OperatingCashFlow_TTM,2012-12-31,56170000000.0
XOM,OperatingCashFlow_TTM,2013-03-31,50475000000.0
XOM,OperatingCashFlow_TTM,2013-06-30,47941000000.0
XOM,OperatingCashFlow_TTM,2013-09-30,47930000000.0
XOM,OperatingCashFlow_TTM,2013-12-31,44914000000.0
XOM,OperatingCashFlow_TTM,2014-03-31,46425000000.0
XOM,OperatingCashFlow_TTM,2014-06-30,48944000000.0
XOM,OperatingCashFlow_TTM,2014-09-30,47909000000.0
XOM,OperatingCashFlow_TTM,2014-12-31,45116000000.0
XOM,OperatingCashFlow_TTM,2015-03-31,38011000000.0
XOM,OperatingCashFlow_TTM,2015-06-30,36601000000.0
XOM,OperatingCashFlow_TTM,2015-09-30,33379000000.0
XOM,OperatingCashFlow_TTM,2015-12-31,30344000000.0
XOM,OperatingCashFlow_TTM,2016-03-31,27158000000.0
XOM,OperatingCashFlow_TTM,2016-06-30,22885000000.0
XOM,OperatingCashFlow_TTM,2016-09-30,19066000000.0
XOM,OperatingCashFlow_TTM,2016-12-31,22082000000.0
XOM,OperatingCashFlow_TTM,2017-03-31,25443000000.0
XOM,OperatingCashFlow_TTM,2017-06-30,27871000000.0
XOM,OperatingCashFlow_TTM,2017-09-30,30051000000.0
XOM,OperatingCashFlow_TTM,2017-12-31,30066000000.0
XOM,OperatingCashFlow_TTM,2018-03-31,30412000000.0
XOM,OperatingCashFlow_TTM,2018-06-30,31245000000.0
XOM,OperatingCashFlow_TTM,2018-09-30,34818000000.0
XOM,OperatingCashFlow_TTM,2018-12-31,36014000000.0
XOM,OperatingCashFlow_TTM,2019-03-31,35833000000.0
XOM,OperatingCashFlow_TTM,2019-06-30,34000000000.0
XOM,OperatingCashFlow_TTM,2019-09-30,31971000000.0
XOM,OperatingCashFlow_TTM,2019-12-31,29716000000.0
XOM,OperatingCashFlow_TTM,2020-03-31,27652000000.0
XOM,OperatingCashFlow_TTM,2020-06-30,21705000000.0
XOM,OperatingCashFlow_TTM,2020-09-30,17015000000.0
XOM,OperatingCashFlow_TTM,2020-12-31,14668000000.0
XOM,OperatingCashFlow_TTM,2021-03-31,17658000000.0
XOM,OperatingCashFlow_TTM,2021-06-30,27308000000.0
XOM,OperatingCashFlow_TTM,2021-09-30,35010000000.0
XOM,OperatingCashFlow_TTM,2021-12-31,48129000000.0
XOM,OperatingCashFlow_TTM,2022-03-31,53653000000.0
XOM,OperatingCashFlow_TTM,2022-06-30,63966000000.0
XOM,OperatingCashFlow_TTM,2022-09-30,76300000000.0
XOM,OperatingCashFlow_TTM,2022-12-31,76797000000.0
XOM,OperatingCashFlow_TTM,2023-03-31,78350000000.0
XOM,OperatingCashFlow_TTM,2023-06-30,67770000000.0
XOM,OperatingCashFlow_TTM,2023-09-30,59308000000.0
XOM,OperatingCashFlow_TTM,2023-12-31,55369000000.0
XOM,OperatingCashFlow_TTM,2024-03-31,53692000000.0
XOM,OperatingCashFlow_TTM,2024-06-30,54869000000.0
XOM,OperatingCashFlow_TTM,2024-09-30,56475000000.0
XOM,OperatingCashFlow_TTM,2024-12-31,55022000000.0
XOM,OperatingCashFlow_TTM,2025-03-31,53311000000.0
XOM,OperatingCashFlow_TTM,2025-06-30,54301000000.0
XOM,OperatingCashFlow_TTM,2025-09-30,51520000000.0
XOM,OperatingCashFlow_TTM,2025-12-31,51970000000.0
XOM,OperatingCashFlow_TTM,2026-03-31,47722000000.0
XOM,Capex_TTM,2008-09-30,
XOM,Capex_TTM,2009-03-31,
XOM,Capex_TTM,2009-06-30,
XOM,Capex_TTM,2009-09-30,20870000000.0
XOM,Capex_TTM,2009-12-31,22491000000.0
XOM,Capex_TTM,2010-03-31,23574000000.0
XOM,Capex_TTM,2010-06-30,23653000000.0
XOM,Capex_TTM,2010-09-30,25964000000.0
XOM,Capex_TTM,2010-12-31,26871000000.0
XOM,Capex_TTM,2011-03-31,28166000000.0
XOM,Capex_TTM,2011-06-30,30334000000.0
XOM,Capex_TTM,2011-09-30,30011000000.0
XOM,Capex_TTM,2011-12-31,30975000000.0
XOM,Capex_TTM,2012-03-31,31767000000.0
XOM,Capex_TTM,2012-06-30,32300000000.0
XOM,Capex_TTM,2012-09-30,32848000000.0
XOM,Capex_TTM,2012-12-31,34271000000.0
XOM,Capex_TTM,2013-03-31,33922000000.0
XOM,Capex_TTM,2013-06-30,34228000000.0
XOM,Capex_TTM,2013-09-30,35300000000.0
XOM,Capex_TTM,2013-12-31,33669000000.0
XOM,Capex_TTM,2014-03-31,33503000000.0
XOM,Capex_TTM,2014-06-30,33394000000.0
XOM,Capex_TTM,2014-09-30,32494000000.0
XOM,Capex_TTM,2014-12-31,32952000000.0
XOM,Capex_TTM,2015-03-31,32468000000.0
XOM,Capex_TTM,2015-06-30,31035000000.0
XOM,Capex_TTM,2015-09-30,29238000000.0
XOM,Capex_TTM,2015-12-31,26490000000.0
XOM,Capex_TTM,2016-03-31,24247000000.0
XOM,Capex_TTM,2016-06-30,21409000000.0
XOM,Capex_TTM,2016-09-30,18412000000.0
XOM,Capex_TTM,2016-12-31,16163000000.0
XOM,Capex_TTM,2017-03-31,14452000000.0
XOM,Capex_TTM,2017-06-30,13279000000.0
XOM,Capex_TTM,2017-09-30,14788000000.0
XOM,Capex_TTM,2017-12-31,15402000000.0
XOM,Capex_TTM,2018-03-31,15861000000.0
XOM,Capex_TTM,2018-06-30,17690000000.0
XOM,Capex_TTM,2018-09-30,17981000000.0
XOM,Capex_TTM,2018-12-31,19574000000.0
XOM,Capex_TTM,2019-03-31,21424000000.0
XOM,Capex_TTM,2019-06-30,22670000000.0
XOM,Capex_TTM,2019-09-30,23751000000.0
XOM,Capex_TTM,2019-12-31,24361000000.0
XOM,Capex_TTM,2020-03-31,25107000000.0
XOM,Capex_TTM,2020-06-30,23351000000.0
XOM,Capex_TTM,2020-09-30,20357000000.0
XOM,Capex_TTM,2020-12-31,17282000000.0
XOM,Capex_TTM,2021-03-31,13737000000.0
XOM,Capex_TTM,2021-06-30,12067000000.0
XOM,Capex_TTM,2021-09-30,11616000000.0
XOM,Capex_TTM,2021-12-31,12076000000.0
XOM,Capex_TTM,2022-03-31,13587000000.0
XOM,Capex_TTM,2022-06-30,14677000000.0
XOM,Capex_TTM,2022-09-30,16713000000.0
XOM,Capex_TTM,2022-12-31,18407000000.0
XOM,Capex_TTM,2023-03-31,19908000000.0
XOM,Capex_TTM,2023-06-30,21430000000.0
XOM,Capex_TTM,2023-09-30,21474000000.0
XOM,Capex_TTM,2023-12-31,21919000000.0
XOM,Capex_TTM,2024-03-31,21581000000.0
XOM,Capex_TTM,2024-06-30,22457000000.0
XOM,Capex_TTM,2024-09-30,23697000000.0
XOM,Capex_TTM,2024-12-31,24306000000.0
XOM,Capex_TTM,2025-03-31,25130000000.0
XOM,Capex_TTM,2025-06-30,25178000000.0
XOM,Capex_TTM,2025-09-30,27745000000.0
XOM,Capex_TTM,2025-12-31,28358000000.0
XOM,Capex_TTM,2026-03-31,28930000000.0
XOM,DepreciationAndAmortization_TTM,2008-09-30,
XOM,DepreciationAndAmortization_TTM,2009-03-31,
XOM,DepreciationAndAmortization_TTM,2009-06-30,
XOM,DepreciationAndAmortization_TTM,2009-09-30,11732000000.0
XOM,DepreciationAndAmortization_TTM,2009-12-31,11917000000.0
XOM,DepreciationAndAmortization_TTM,2010-03-31,12404000000.0
XOM,DepreciationAndAmortization_TTM,2010-06-30,12766000000.0
XOM,DepreciationAndAmortization_TTM,2010-09-30,13683000000.0
XOM,DepreciationAndAmortization_TTM,2010-12-31,14760000000.0
XOM,DepreciationAndAmortization_TTM,2011-03-31,15241000000.0
XOM,DepreciationAndAmortization_TTM,2011-06-30,15756000000.0
XOM,DepreciationAndAmortization_TTM,2011-09-30,15778000000.0
XOM,DepreciationAndAmortization_TTM,2011-12-31,15583000000.0
XOM,DepreciationAndAmortization_TTM,2012-03-31,15664000000.0
XOM,DepreciationAndAmortization_TTM,2012-06-30,15682000000.0
XOM,DepreciationAndAmortization_TTM,2012-09-30,15853000000.0
XOM,DepreciationAndAmortization_TTM,2012-12-31,15888000000.0
XOM,DepreciationAndAmortization_TTM,2013-03-31,16156000000.0
XOM,DepreciationAndAmortization_TTM,2013-06-30,16662000000.0
XOM,DepreciationAndAmortization_TTM,2013-09-30,16912000000.0
XOM,DepreciationAndAmortization_TTM,2013-12-31,17182000000.0
XOM,DepreciationAndAmortization_TTM,2014-03-31,17264000000.0
XOM,DepreciationAndAmortization_TTM,2014-06-30,17144000000.0
XOM,DepreciationAndAmortization_TTM,2014-09-30,17219000000.0
XOM,DepreciationAndAmortization_TTM,2014-12-31,17297000000.0
XOM,DepreciationAndAmortization_TTM,2015-03-31,17405000000.0
XOM,DepreciationAndAmortization_TTM,2015-06-30,17571000000.0
XOM,DepreciationAndAmortization_TTM,2015-09-30,17751000000.0
XOM,DepreciationAndAmortization_TTM,2015-12-31,18048000000.0
XOM,DepreciationAndAmortization_TTM,2016-03-31,18513000000.0
XOM,DepreciationAndAmortization_TTM,2016-06-30,18883000000.0
XOM,DepreciationAndAmortization_TTM,2016-09-30,18946000000.0
XOM,DepreciationAndAmortization_TTM,2016-12-31,22308000000.0
XOM,DepreciationAndAmortization_TTM,2017-03-31,22062000000.0
XOM,DepreciationAndAmortization_TTM,2017-06-30,21893000000.0
XOM,DepreciationAndAmortization_TTM,2017-09-30,22168000000.0
XOM,DepreciationAndAmortization_TTM,2017-12-31,19893000000.0
XOM,DepreciationAndAmortization_TTM,2018-03-31,19844000000.0
XOM,DepreciationAndAmortization_TTM,2018-06-30,19781000000.0
XOM,DepreciationAndAmortization_TTM,2018-09-30,19559000000.0
XOM,DepreciationAndAmortization_TTM,2018-12-31,18745000000.0
XOM,DepreciationAndAmortization_TTM,2019-03-31,18846000000.0
XOM,DepreciationAndAmortization_TTM,2019-06-30,18888000000.0
XOM,DepreciationAndAmortization_TTM,2019-09-30,19103000000.0
XOM,DepreciationAndAmortization_TTM,2019-12-31,18998000000.0
XOM,DepreciationAndAmortization_TTM,2020-03-31,20246000000.0
XOM,DepreciationAndAmortization_TTM,2020-06-30,20531000000.0
XOM,DepreciationAndAmortization_TTM,2020-09-30,20641000000.0
XOM,DepreciationAndAmortization_TTM,2020-12-31,46009000000.0
XOM,DepreciationAndAmortization_TTM,2021-03-31,45194000000.0
XOM,DepreciationAndAmortization_TTM,2021-06-30,45230000000.0
XOM,DepreciationAndAmortization_TTM,2021-09-30,45237000000.0
XOM,DepreciationAndAmortization_TTM,2021-12-31,20607000000.0
XOM,DepreciationAndAmortization_TTM,2022-03-31,24486000000.0
XOM,DepreciationAndAmortization_TTM,2022-06-30,23985000000.0
XOM,DepreciationAndAmortization_TTM,2022-09-30,24637000000.0
XOM,DepreciationAndAmortization_TTM,2022-12-31,24040000000.0
XOM,DepreciationAndAmortization_TTM,2023-03-31,19401000000.0
XOM,DepreciationAndAmortization_TTM,2023-06-30,19192000000.0
XOM,DepreciationAndAmortization_TTM,2023-09-30,17965000000.0
XOM,DepreciationAndAmortization_TTM,2023-12-31,20641000000.0
XOM,DepreciationAndAmortization_TTM,2024-03-31,21209000000.0
XOM,DepreciationAndAmortization_TTM,2024-06-30,22754000000.0
XOM,DepreciationAndAmortization_TTM,2024-09-30,24597000000.0
XOM,DepreciationAndAmortization_TTM,2024-12-31,23442000000.0
XOM,DepreciationAndAmortization_TTM,2025-03-31,24332000000.0
XOM,DepreciationAndAmortization_TTM,2025-06-30,24646000000.0
XOM,DepreciationAndAmortization_TTM,2025-09-30,24863000000.0
XOM,DepreciationAndAmortization_TTM,2025-12-31,25993000000.0
XOM,DepreciationAndAmortization_TTM,2026-03-31,27062000000.0
XOM,DividendsPerShare_TTM,2008-06-30,
XOM,DividendsPerShare_TTM,2008-09-30,
XOM,DividendsPerShare_TTM,2009-03-31,
XOM,DividendsPerShare_TTM,2009-06-30,1.62
XOM,DividendsPerShare_TTM,2009-09-30,1.6400000000000001
XOM,DividendsPerShare_TTM,2009-12-31,1.66
XOM,DividendsPerShare_TTM,2010-03-31,1.6799999999999997
XOM,DividendsPerShare_TTM,2010-06-30,1.6999999999999997
XOM,DividendsPerShare_TTM,2010-09-30,1.72
XOM,DividendsPerShare_TTM,2010-12-31,1.74
XOM,DividendsPerShare_TTM,2011-03-31,1.76
XOM,DividendsPerShare_TTM,2011-06-30,1.7899999999999998
XOM,DividendsPerShare_TTM,2011-09-30,1.8199999999999998
XOM,DividendsPerShare_TTM,2011-12-31,1.85
XOM,DividendsPerShare_TTM,2012-03-31,1.8800000000000001
XOM,DividendsPerShare_TTM,2012-06-30,1.98
XOM,DividendsPerShare_TTM,2012-09-30,2.08
XOM,DividendsPerShare_TTM,2012-12-31,2.1799999999999997
XOM,DividendsPerShare_TTM,2013-03-31,2.28
XOM,DividendsPerShare_TTM,2013-06-30,2.34
XOM,DividendsPerShare_TTM,2013-09-30,2.4
XOM,DividendsPerShare_TTM,2013-12-31,2.46
XOM,DividendsPerShare_TTM,2014-03-31,2.52
XOM,DividendsPerShare_TTM,2014-06-30,2.58
XOM,DividendsPerShare_TTM,2014-09-30,2.6399999999999997
XOM,DividendsPerShare_TTM,2014-12-31,2.7
XOM,DividendsPerShare_TTM,2015-03-31,2.7600000000000007
XOM,DividendsPerShare_TTM,2015-06-30,2.8
XOM,DividendsPerShare_TTM,2015-09-30,2.8400000000000007
XOM,DividendsPerShare_TTM,2015-12-31,2.88
XOM,DividendsPerShare_TTM,2016-03-31,2.92
XOM,DividendsPerShare_TTM,2016-06-30,2.9400000000000004
XOM,DividendsPerShare_TTM,2016-09-30,2.96
XOM,DividendsPerShare_TTM,2016-12-31,2.9800000000000004
XOM,DividendsPerShare_TTM,2017-03-31,3.0
XOM,DividendsPerShare_TTM,2017-06-30,3.0199999999999996
XOM,DividendsPerShare_TTM,2017-09-30,3.04
XOM,DividendsPerShare_TTM,2017-12-31,3.0599999999999996
XOM,DividendsPerShare_TTM,2018-03-31,3.08
XOM,DividendsPerShare_TTM,2018-06-30,3.1300000000000003
XOM,DividendsPerShare_TTM,2018-09-30,3.18
XOM,DividendsPerShare_TTM,2018-12-31,3.23
XOM,DividendsPerShare_TTM,2019-03-31,3.28
XOM,DividendsPerShare_TTM,2019-06-30,3.3299999999999996
XOM,DividendsPerShare_TTM,2019-09-30,3.38
XOM,DividendsPerShare_TTM,2019-12-31,3.43
XOM,DividendsPerShare_TTM,2020-03-31,3.4800000000000004
XOM,DividendsPerShare_TTM,2020-06-30,3.48
XOM,DividendsPerShare_TTM,2020-09-30,3.48
XOM,DividendsPerShare_TTM,2020-12-31,3.48
XOM,DividendsPerShare_TTM,2021-03-31,3.4800000000000004
XOM,DividendsPerShare_TTM,2021-06-30,3.4800000000000004
XOM,DividendsPerShare_TTM,2021-09-30,3.48
XOM,DividendsPerShare_TTM,2021-12-31,3.49
XOM,DividendsPerShare_TTM,2022-03-31,3.5
XOM,DividendsPerShare_TTM,2022-06-30,3.5100000000000002
XOM,DividendsPerShare_TTM,2022-09-30,3.5200000000000005
XOM,DividendsPerShare_TTM,2022-12-31,3.55
XOM,DividendsPerShare_TTM,2023-03-31,3.58
XOM,DividendsPerShare_TTM,2023-06-30,3.6099999999999994
XOM,DividendsPerShare_TTM,2023-09-30,3.6399999999999997
XOM,DividendsPerShare_TTM,2023-12-31,3.68
XOM,DividendsPerShare_TTM,2024-03-31,3.72
XOM,DividendsPerShare_TTM,2024-06-30,3.7600000000000002
XOM,DividendsPerShare_TTM,2024-09-30,3.8000000000000003
XOM,DividendsPerShare_TTM,2024-12-31,3.84
XOM,DividendsPerShare_TTM,2025-03-31,3.8799999999999994
XOM,DividendsPerShare_TTM,2025-06-30,3.92
XOM,DividendsPerShare_TTM,2025-09-30,3.9599999999999995
XOM,DividendsPerShare_TTM,2025-12-31,3.9999999999999996
XOM,DividendsPerShare_TTM,2026-03-31,4.04
XOM,EPS_TTM_CALC,2009-06-30,7.18743584479573
XOM,EPS_TTM_CALC,2009-09-30,5.842181969602332
XOM,EPS_TTM_CALC,2009-12-31,4.0787636509164065
XOM,EPS_TTM_CALC,2010-03-31,4.476321718501108
XOM,EPS_TTM_CALC,2010-06-30,5.210403890886022
XOM,EPS_TTM_CALC,2010-09-30,5.356651601493417
XOM,EPS_TTM_CALC,2010-12-31,6.118260924352026
XOM,EPS_TTM_CALC,2011-03-31,7.002615167974251
XOM,EPS_TTM_CALC,2011-06-30,7.721905537459284
XOM,EPS_TTM_CALC,2011-09-30,8.44724344414619
XOM,EPS_TTM_CALC,2011-12-31,8.422564102564102
XOM,EPS_TTM_CALC,2012-03-31,8.452078032230704
XOM,EPS_TTM_CALC,2012-06-30,9.682198840455229
XOM,EPS_TTM_CALC,2012-09-30,9.64324559495323
XOM,EPS_TTM_CALC,2012-12-31,9.697493517718236
XOM,EPS_TTM_CALC,2013-03-31,10.017837235228539
XOM,EPS_TTM_CALC,2013-06-30,8.093841642228739
XOM,EPS_TTM_CALC,2013-09-30,7.7770193401592715
XOM,EPS_TTM_CALC,2013-12-31,7.372708757637475
XOM,EPS_TTM_CALC,2014-03-31,7.435304990757856
XOM,EPS_TTM_CALC,2014-06-30,7.935769141261345
XOM,EPS_TTM_CALC,2014-09-30,8.038434497304898
XOM,EPS_TTM_CALC,2014-12-31,7.59458197104157
XOM,EPS_TTM_CALC,2015-03-31,6.734742341486583
XOM,EPS_TTM_CALC,2015-06-30,5.65952380952381
XOM,EPS_TTM_CALC,2015-09-30,4.758949880668258
XOM,EPS_TTM_CALC,2015-12-31,3.8489037178265013
XOM,EPS_TTM_CALC,2016-03-31,3.116323599808521
XOM,EPS_TTM_CALC,2016-06-30,2.5203446625179513
XOM,EPS_TTM_CALC,2016-09-30,2.1397797989468645
XOM,EPS_TTM_CALC,2016-12-31,1.8769451759636102
XOM,EPS_TTM_CALC,2017-03-31,2.3774567842765806
XOM,EPS_TTM_CALC,2017-06-30,2.737063919456802
XOM,EPS_TTM_CALC,2017-09-30,3.0461250292671505
XOM,EPS_TTM_CALC,2017-12-31,4.631109022556391
XOM,EPS_TTM_CALC,2018-03-31,4.765807962529274
XOM,EPS_TTM_CALC,2018-06-30,4.9051744322172794
XOM,EPS_TTM_CALC,2018-09-30,5.436665886209319
XOM,EPS_TTM_CALC,2018-12-31,4.88056206088993
XOM,EPS_TTM_CALC,2019-03-31,4.34192037470726
XOM,EPS_TTM_CALC,2019-06-30,4.148911261999531
XOM,EPS_TTM_CALC,2019-09-30,3.430110044486069
XOM,EPS_TTM_CALC,2019-12-31,3.358313817330211
XOM,EPS_TTM_CALC,2020-03-31,2.6651053864168617
XOM,EPS_TTM_CALC,2020-06-30,1.6787637555607586
XOM,EPS_TTM_CALC,2020-09-30,0.7773355186139077
XOM,EPS_TTM_CALC,2020-12-31,-5.254038866775931
XOM,EPS_TTM_CALC,2021-03-31,-4.4709737827715355
XOM,EPS_TTM_CALC,2021-06-30,-3.117399438727783
XOM,EPS_TTM_CALC,2021-09-30,-1.3797942001870906
XOM,EPS_TTM_CALC,2021-12-31,5.389473684210526
XOM,EPS_TTM_CALC,2022-03-31,6.0454758556024375
XOM,EPS_TTM_CALC,2022-06-30,9.201511930073234
XOM,EPS_TTM_CALC,2022-09-30,12.391875746714456
XOM,EPS_TTM_CALC,2022-12-31,13.25564803804994
XOM,EPS_TTM_CALC,2023-03-31,15.039005363237445
XOM,EPS_TTM_CALC,2023-06-30,12.720118052139695
XOM,EPS_TTM_CALC,2023-09-30,10.218633540372672
XOM,EPS_TTM_CALC,2023-12-31,8.886969397828233
XOM,EPS_TTM_CALC,2024-03-31,8.204102051025513
XOM,EPS_TTM_CALC,2024-06-30,7.912902478573083
XOM,EPS_TTM_CALC,2024-09-30,7.552666965486329
XOM,EPS_TTM_CALC,2024-12-31,7.83620288506282
XOM,EPS_TTM_CALC,2025-03-31,7.587602927721867
XOM,EPS_TTM_CALC,2025-06-30,7.161163703532671
XOM,EPS_TTM_CALC,2025-09-30,6.990198366394399
XOM,EPS_TTM_CALC,2025-12-31,6.700116144018583
XOM,EPS_TTM_CALC,2026-03-31,6.024274155164208
XOM,FCF_TTM,2008-09-30,
XOM,FCF_TTM,2009-03-31,
XOM,FCF_TTM,2009-06-30,
XOM,FCF_TTM,2009-09-30,13467000000.0
XOM,FCF_TTM,2009-12-31,5947000000.0
XOM,FCF_TTM,2010-03-31,9000000000.0
XOM,FCF_TTM,2010-06-30,15959000000.0
XOM,FCF_TTM,2010-09-30,17898000000.0
XOM,FCF_TTM,2010-12-31,21542000000.0
XOM,FCF_TTM,2011-03-31,24057000000.0
XOM,FCF_TTM,2011-06-30,25543000000.0
XOM,FCF_TTM,2011-09-30,27638000000.0
XOM,FCF_TTM,2011-12-31,24370000000.0
XOM,FCF_TTM,2012-03-31,26009000000.0
XOM,FCF_TTM,2012-06-30,22804000000.0
XOM,FCF_TTM,2012-09-30,20849000000.0
XOM,FCF_TTM,2012-12-31,21899000000.0
XOM,FCF_TTM,2013-03-31,16553000000.0
XOM,FCF_TTM,2013-06-30,13713000000.0
XOM,FCF_TTM,2013-09-30,12630000000.0
XOM,FCF_TTM,2013-12-31,11245000000.0
XOM,FCF_TTM,2014-03-31,12922000000.0
XOM,FCF_TTM,2014-06-30,15550000000.0
XOM,FCF_TTM,2014-09-30,15415000000.0
XOM,FCF_TTM,2014-12-31,12164000000.0
XOM,FCF_TTM,2015-03-31,5543000000.0
XOM,FCF_TTM,2015-06-30,5566000000.0
XOM,FCF_TTM,2015-09-30,4141000000.0
XOM,FCF_TTM,2015-12-31,3854000000.0
XOM,FCF_TTM,2016-03-31,2911000000.0
XOM,FCF_TTM,2016-06-30,1476000000.0
XOM,FCF_TTM,2016-09-30,654000000.0
XOM,FCF_TTM,2016-12-31,5919000000.0
XOM,FCF_TTM,2017-03-31,10991000000.0
XOM,FCF_TTM,2017-06-30,14592000000.0
XOM,FCF_TTM,2017-09-30,15263000000.0
XOM,FCF_TTM,2017-12-31,14664000000.0
XOM,FCF_TTM,2018-03-31,14551000000.0
XOM,FCF_TTM,2018-06-30,13555000000.0
XOM,FCF_TTM,2018-09-30,16837000000.0
XOM,FCF_TTM,2018-12-31,16440000000.0
XOM,FCF_TTM,2019-03-31,14409000000.0
XOM,FCF_TTM,2019-06-30,11330000000.0
XOM,FCF_TTM,2019-09-30,8220000000.0
XOM,FCF_TTM,2019-12-31,5355000000.0
XOM,FCF_TTM,2020-03-31,2545000000.0
XOM,FCF_TTM,2020-06-30,-1646000000.0
XOM,FCF_TTM,2020-09-30,-3342000000.0
XOM,FCF_TTM,2020-12-31,-2614000000.0
XOM,FCF_TTM,2021-03-31,3921000000.0
XOM,FCF_TTM,2021-06-30,15241000000.0
XOM,FCF_TTM,2021-09-30,23394000000.0
XOM,FCF_TTM,2021-12-31,36053000000.0
XOM,FCF_TTM,2022-03-31,40066000000.0
XOM,FCF_TTM,2022-06-30,49289000000.0
XOM,FCF_TTM,2022-09-30,59587000000.0
XOM,FCF_TTM,2022-12-31,58390000000.0
XOM,FCF_TTM,2023-03-31,58442000000.0
XOM,FCF_TTM,2023-06-30,46340000000.0
XOM,FCF_TTM,2023-09-30,37834000000.0
XOM,FCF_TTM,2023-12-31,33450000000.0
XOM,FCF_TTM,2024-03-31,32111000000.0
XOM,FCF_TTM,2024-06-30,32412000000.0
XOM,FCF_TTM,2024-09-30,32778000000.0
XOM,FCF_TTM,2024-12-31,30716000000.0
XOM,FCF_TTM,2025-03-31,28181000000.0
XOM,FCF_TTM,2025-06-30,29123000000.0
XOM,FCF_TTM,2025-09-30,23775000000.0
XOM,FCF_TTM,2025-12-31,23612000000.0
XOM,FCF_TTM,2026-03-31,18792000000.0
